position_code,area,department,position,degree,major,number_of_recruits,number_of_applicants
300001,省直,省委办公厅,综合文字,研究生,经济学门类、法学门类、文学门类、历史学门类,2,103
300002,省直,省委党史研究院（省地方志研究院）,中共党史研究,研究生,马克思主义理论（一级学科）、中共党史党建学（一级学科）,1,27
300003,省直,省委党史研究院（省地方志研究院）,地方志研究,研究生,历史学（一级学科）,3,59
300004,省直,省委党史研究院（省地方志研究院）,综合文字,研究生,中国语言文学（一级学科）、新闻传播学（一级学科）,1,45
300005,省直,省政府办公厅,法规审查,研究生,法学（一级学科）,1,11
300006,省直,省政府办公厅,机关综合,研究生,系统科学（一级学科）、建筑学（一级学科）、交通运输工程（一级学科）、农业工程（一级学科）、林业工程（一级学科）、环境科学与工程（一级学科）、土木工程（一级学科）、水利工程（一级学科）、控制科学与工程（一级学科）、计算机科学与技术（一级学科）、电子信息（一级学科）、信息与通信工程（一级学科）、测绘科学与技术（一级学科）,2,133
300007,省直,省政府办公厅省直机关老干部第二活动室,法规审查,本科,法学类,1,13
300008,省直,省政府办公厅省直机关老干部第二活动室,组织宣传,研究生,不限,1,156
300009,省直,省政府办公厅省直机关老干部第二活动室,综合文字,本科,不限,1,195
300010,省直,省发展改革委,机关综合,研究生,国民经济学（二级学科）、区域经济学（二级学科）、产业经济学（二级学科）、数量经济学（二级学科）、汉语言文字学（二级学科）、机械电子工程（二级学科）、建筑技术科学（二级学科）、交通运输规划与管理（二级学科）,5,113
300011,省直,省粮食和物资储备局,政策法规,研究生,法学（一级学科，不含军事法学二级学科）,1,23
300012,省直,省粮食和物资储备局,机关综合,研究生,经济学门类,1,37
300013,省直,省粮食和物资储备局,机关综合,研究生,粮食、油脂及植物蛋白工程（二级学科）、食品科学（二级学科）、农产品加工及贮藏工程（二级学科）,1,29
300014,省直,省科技厅,科技管理,研究生,金融学（二级学科）、企业管理（二级学科）、金融硕士（专业硕士）,2,119
300015,省直,省经信厅,企业管理服务,研究生,工学门类,3,338
300016,省直,省经信厅,产业管理,研究生,机械工程（一级学科）、电子科学与技术（一级学科）、控制科学与工程（一级学科）,2,137
300017,省直,省经信厅,非煤矿山管理,研究生,矿业工程（一级学科）,1,30
300018,省直,省经信厅,无线电管理,研究生,信息与通信工程（一级学科）,1,15
300019,省直,省经信厅,民爆行业管理,本科,弹药工程与爆炸技术专业、化工安全工程专业、安全工程专业,1,97
300020,省直,省经信厅,档案管理,本科,图书情报与档案管理类,1,47
300021,省直,省经信厅,服务保障,本科,临床医学专业、中医学专业、中医康复学专业,1,104
300022,省直,省经信厅省节能监察中心,节能监察,研究生,动力工程及工程热物理（一级学科）、控制科学与工程（一级学科）、环境科学与工程（一级学科）,1,46
300023,省直,省民委（省宗教局）,机关综合,本科,经济学类、法学类、中国语言文学类、民族学类、哲学类,4,217
300024,省直,省公安厅,人民警察政策研究,研究生,法学（一级学科，不含军事法学二级学科）,1,17
300025,省直,省公安厅,人民警察财会,研究生,会计学（二级学科）、企业管理（财务管理方向，二级学科）、会计硕士（专业硕士）、审计硕士（专业硕士）,2,22
300026,省直,省公安厅,人民警察信息通信,研究生,信息与通信工程（一级学科）、计算机科学与技术（一级学科）、软件工程（一级学科）、网络空间安全（一级学科）,3,31
300027,省直,省公安厅,人民警察信息通信,研究生,信息与通信工程（一级学科）、计算机科学与技术（一级学科）、软件工程（一级学科）、网络空间安全（一级学科）,4,41
300028,省直,省财政厅,财政金融管理,研究生,国民经济学（二级学科）、区域经济学（二级学科）、财政学（二级学科）、金融学（二级学科）、产业经济学（二级学科）、国际贸易学（二级学科）、劳动经济学（二级学科）、统计学（二级学科）、数量经济学（二级学科）、应用统计硕士（专业硕士）、税务硕士（专业硕士）、审计硕士（专业硕士）,2,86
300029,省直,省财政厅,涉农财政管理,研究生,作物学（一级学科）、园艺学（一级学科）、农业资源与环境（一级学科）、植物保护（一级学科）、农林经济管理（一级学科）,1,86
300030,省直,省财政厅,财政管理,研究生,会计学（二级学科）、企业管理（二级学科）、会计硕士（专业硕士）,2,69
300031,省直,省财政厅,财政信息化管理,研究生,计算机科学与技术（一级学科）,1,36
300032,省直,省财政厅,财政数据分析,研究生,数学（一级学科）,1,26
300033,省直,省财政厅,财政信息宣传,研究生,新闻传播学（一级学科）、新闻与传播硕士（专业硕士）,1,51
300034,省直,省人社厅,机关综合,本科,经济学类（不含特设专业）、法学类（不含特设专业）、中国语言文学类（不含特设专业）、新闻传播学类（不含特设专业）,2,129
300035,省直,省自然资源厅,土地资源与规划管理,本科,土地资源管理专业、城乡规划专业、土地整治工程专业,1,96
300036,省直,省自然资源厅,矿政管理,本科,地质学专业、地质工程专业、勘查技术与工程专业、资源勘查工程专业、采矿工程专业,1,121
300037,省直,省农业农村厅,经济管理与农业对外合作,研究生,会计学（二级学科）、企业管理（市场营销方向，二级学科）、农业经济管理（二级学科）,2,46
300038,省直,省农业农村厅省农村合作经济经营管理总站,经济管理,研究生,理论经济学（一级学科）、应用经济学（一级学科）、农业经济管理（二级学科）,2,46
300039,省直,省农业农村厅省农产品质量安全管理站,农产品质量安全管理,研究生,食品科学与工程（一级学科）,1,18
300040,省直,省农业农村厅省农村能源总站,农村能源管理,研究生,农业生物环境与能源工程（二级学科）、环境科学（二级学科）、环境工程（二级学科）,3,102
300041,省直,省农业农村厅省种子管理总站,种子管理,研究生,作物遗传育种（二级学科）、蔬菜学（二级学科）、生物化学与分子生物学（二级学科）,1,35
300042,省直,省农业农村厅省农业生态环境总站,生态环境管理,本科,农业资源与环境专业、生态学专业、资源环境科学专业,1,50
300043,省直,省农业农村厅省农业综合开发局,财务管理,研究生,会计学（二级学科）、企业管理（财务管理方向，二级学科）、会计硕士（专业硕士）、审计硕士（专业硕士）,1,22
300044,省直,省农业农村厅省农业综合开发局,农田水利管理,研究生,水利水电工程（二级学科）、农业水土工程（二级学科）、水工结构工程（二级学科）,1,16
300045,省直,省农业农村厅省农业综合开发局,土壤管理,研究生,农业资源利用（一级学科）,1,28
300046,省直,省水利厅,水利管理,本科,水利水电工程专业、水文与水资源工程专业、水利科学与工程专业,4,91
300047,省直,省水利厅,水利管理,本科,水利水电工程专业、水文与水资源工程专业、水利科学与工程专业,4,90
300048,省直,省水利厅省水文局机关,机关综合,本科,不限,1,621
300049,省直,省水利厅省水文局机关,水文与水资源管理,本科,水文与水资源工程专业,3,55
300050,省直,省水利厅宿州水文水资源局机关,网络维护,本科,电子信息工程专业、电子科学与技术专业、通信工程专业、计算机科学与技术专业、网络工程专业、电子与计算机工程专业,1,99
300051,省直,省水利厅蚌埠水文水资源局机关,水文与水资源管理,本科,水文与水资源工程专业,2,23
300052,省直,省水利厅阜阳水文水资源局机关,财务管理,本科,财务管理专业、会计学专业、审计学专业,1,69
300053,省直,省水利厅阜阳水文水资源局机关,水环境监测,本科,化学专业、应用化学专业、水质科学与技术专业,1,73
300054,省直,省水利厅滁州水文水资源局机关,水文测验,本科,水文与水资源工程专业,1,10
300055,省直,省水利厅六安水文水资源局机关,站网管理,本科,水利水电工程专业、水文与水资源工程专业、水利科学与工程专业,1,22
300056,省直,省水利厅马鞍山水文水资源局机关,机关综合,本科,不限,1,159
300057,省直,省水利厅安庆水文水资源局机关,水文与水资源管理,本科,水文与水资源工程专业,2,14
300058,省直,省商务厅,商务经济统计,本科,统计学类、经济统计学专业,1,60
300059,省直,省商务厅,商务政策规划,研究生,国民经济学（二级学科）、区域经济学（二级学科）、产业经济学（二级学科）、国际贸易学（二级学科）、国际商务硕士（专业硕士）,2,57
300060,省直,省商务厅,商务金融管理,本科,金融学类、经济与贸易类、商务经济学专业、国际经贸规则专业、国际商务专业,2,246
300061,省直,省商务厅,财务管理,本科,会计学专业、财务管理专业、审计学专业,3,260
300062,省直,省文化和旅游厅,文物管理,本科,历史学类,1,58
300063,省直,省卫生健康委,财务审计,研究生,会计学（二级学科）、会计硕士（专业硕士）、审计硕士（专业硕士）,1,64
300064,省直,省退役军人事务厅,机关综合,本科,不限,1,253
300065,省直,省国资委,机关综合,研究生,应用经济学（一级学科）、法学（一级学科）、工商管理学（一级学科）、金融硕士（专业硕士）、会计硕士（专业硕士）,3,221
300066,省直,省市场监管局,执法监管,本科,法学类,3,78
300067,省直,省市场监管局,监管服务,本科,经济学类,2,87
300068,省直,省市场监管局,安全监管,本科,机械工程专业、机械设计制造及其自动化专业、电气工程及其自动化专业,2,213
300069,省直,省市场监管局省知识产权事业发展中心,知识产权管理,研究生,法学（一级学科）、知识产权硕士（专业硕士）、法律硕士（专业硕士）,1,20
300070,省直,省市场监管局省纤维检验局,党建管理,本科,哲学类、马克思主义理论类、中国语言文学类,1,40
300071,省直,省广播电视局,政策法规,本科,法学类（不含特设专业）,1,40
300072,省直,省广播电视局,财务管理,本科,会计学专业、财务管理专业、审计学专业、财务会计教育专业,1,105
300073,省直,省体育局,机关综合,本科,体育学类,1,100
300074,省直,省体育局,产业规划,研究生,应用经济学（一级学科）,1,28
300075,省直,省统计局,综合统计,研究生,经济学门类、统计学（一级学科）,2,71
300076,省直,省林业局省造林经营总站,林业管理,研究生,林木遗传育种（二级学科）、森林培育（二级学科）、森林经理学（二级学科）,1,16
300077,省直,省林业局省林业有害生物防治检疫局,林业有害生物防治,研究生,森林保护学（二级学科）、植物病理学（二级学科）,1,26
300078,省直,省政府信访局,信访办理,本科,法学类,2,32
300079,省直,民盟安徽省委,机关综合,本科,哲学专业、逻辑学专业、政治学与行政学专业、汉语言文学专业、历史学专业、法学专业、新闻学专业、经济学专业,1,48
300080,省直,民革安徽省委,机关综合,本科,经济学门类、中国语言文学类、法学类、政治学类,1,69
300081,省直,省人民检察院,司法行政人员,研究生,计算机科学与技术（一级学科）,1,36
300082,省直,省白湖监狱管理分局,人民警察,本科,中国语言文学类、新闻传播学类,3,17
300083,省直,省白湖监狱管理分局,人民警察,本科,监狱学专业、法学专业、侦查学专业、社会学专业、社会工作专业,4,44
300084,省直,省白湖监狱管理分局,人民警察,本科,安全科学与工程类,2,15
300085,省直,省白湖监狱管理分局,人民警察,本科,土木类（不含特设专业）、建筑类、工程造价专业,2,55
300086,省直,省白湖监狱管理分局,人民警察,本科,环境科学与工程类、食品科学与工程类,2,57
300087,省直,省白湖监狱管理分局,人民警察,本科,纺织类、服装与服饰设计专业、艺术设计学专业、产品设计专业,2,47
300088,省直,省白湖监狱管理分局,金融财会,本科,金融学类、会计学专业、财务管理专业、审计学专业,2,37
300089,省直,省白湖监狱管理分局,人民警察,本科,美术学类、播音与主持艺术专业、舞蹈编导专业、舞蹈表演专业、表演专业、音乐表演专业、音乐学专业、戏剧影视导演专业、戏剧影视文学专业、广播电视编导专业、影视摄影与制作专业,2,94
300090,省直,省白湖监狱管理分局,人民警察,本科,植物生产类（不含特设专业）,3,22
300091,省直,省白湖监狱管理分局,人民警察,本科,农业工程类、自然保护与环境生态类,2,14
300092,省直,省白湖监狱管理分局,人民警察,本科,教育学类,2,37
300093,省直,省白湖监狱管理分局,人民警察,本科,林学类、林业工程类（不含特设专业）,3,38
300094,省直,省白湖监狱管理分局,人民警察,本科,水利类、测绘类,2,44
300095,省直,省白湖监狱管理分局,人民警察,本科,生物工程类、生物科学类,2,57
300096,省直,省白湖监狱管理分局,人民警察,本科,水产类、动物医学类,2,26
300097,省直,省白湖监狱管理分局,人民警察,本科,管理学门类,2,76
300098,省直,省白湖监狱管理分局,网络安全管理,本科,计算机类、电子信息类（不含特设专业）,3,67
300099,省直,省白湖监狱管理分局,人民警察,本科,电气类（不含特设专业）,2,42
300100,省直,省白湖监狱管理分局,人民警察,本科,统计学类、数学类、化学类,3,102
300101,省直,省白湖监狱管理分局,人民警察,本科,材料类（不含特设专业）,2,55
300102,省直,省白湖监狱管理分局,人民警察,本科,体育学类,2,87
300103,省直,省白湖监狱管理分局,心理矫正,本科,心理学类,3,50
300104,省直,省白湖监狱管理分局,人民警察,本科,经济学门类,3,59
300105,省直,省白湖监狱管理分局,警察医学,本科,药学类、精神医学专业、预防医学专业、麻醉学专业,3,92
300106,省直,省白湖监狱管理分局,警察医学,本科,医学影像学专业、放射医学专业,2,12
300107,省直,省白湖监狱管理分局,警察医学,本科,医学检验技术专业、卫生检验与检疫专业、医学实验技术专业,2,48
300108,省直,省白湖监狱管理分局,警察医学,本科,护理学类(不含特设专业),2,62
300109,省直,省白湖监狱管理分局,警察医学,本科,护理学类(不含特设专业),2,93
300110,省直,省白湖监狱管理分局,人民警察,本科,不限,4,212
300111,省直,省白湖监狱管理分局,人民警察,本科,不限,4,208
300112,省直,省白湖监狱管理分局,人民警察,本科,不限,8,19
300113,省直,省白湖监狱管理分局,人民警察,本科,不限,6,27
300114,省直,省九成监狱管理分局,人民警察,本科,中国语言文学类、新闻传播学类,1,5
300115,省直,省九成监狱管理分局,人民警察,本科,监狱学专业、法学专业、侦查学专业、社会学专业、社会工作专业,2,56
300116,省直,省九成监狱管理分局,人民警察,本科,纺织类、服装与服饰设计专业、艺术设计学专业、产品设计专业,2,25
300117,省直,省九成监狱管理分局,人民警察,本科,美术学类、播音与主持艺术专业、舞蹈编导专业、舞蹈表演专业、表演专业、音乐表演专业、音乐学专业、戏剧影视导演专业、戏剧影视文学专业、广播电视编导专业、影视摄影与制作专业,2,89
300118,省直,省九成监狱管理分局,人民警察,本科,植物生产类（不含特设专业）、林业工程类,3,8
300119,省直,省九成监狱管理分局,人民警察,本科,管理学门类,2,39
300120,省直,省九成监狱管理分局,金融财会,本科,金融学类、会计学专业、财务管理专业、审计学专业,2,24
300121,省直,省九成监狱管理分局,网络安全管理,本科,计算机类、电子信息类（不含特设专业）,1,11
300122,省直,省九成监狱管理分局,警察医学,本科,临床医学类（不含特设专业）、精神医学专业、中西医临床医学专业,2,18
300123,省直,省九成监狱管理分局,警察医学,本科,护理学类(不含特设专业),2,35
300124,省直,省九成监狱管理分局,人民警察,本科,不限,1,18
300125,省直,省九成监狱管理分局,人民警察,本科,不限,6,35
300126,省直,省九成监狱管理分局,人民警察,本科,不限,1,3
300127,省直,省巢湖监狱,人民警察,研究生,材料科学与工程（一级学科）,1,14
300128,省直,省巢湖监狱,人民警察,研究生,机械工程（一级学科）,1,25
300129,省直,省巢湖监狱,人民警察,研究生,法学（一级学科）、教育学（一级学科）、心理学（一级学科）、社会学（二级学科）、法律硕士（专业硕士）,1,38
300130,省直,省巢湖监狱,人民警察,本科,新闻传播学类、英语专业,2,30
300131,省直,省巢湖监狱,人民警察,本科,中国语言文学类,2,27
300132,省直,省巢湖监狱,人民警察,本科,机械类、材料类（不含特设专业）,3,79
300133,省直,省巢湖监狱,人民警察,本科,监狱学专业、法学专业、侦查学专业、社会学专业、社会工作专业,1,8
300134,省直,省巢湖监狱,金融财会,本科,金融学类、会计学专业、财务管理专业、审计学专业,2,37
300135,省直,省巢湖监狱,心理矫正,本科,心理学类,1,14
300136,省直,省巢湖监狱,人民警察,本科,工商管理类（不含特设专业）、公共事业管理专业,1,38
300137,省直,省巢湖监狱,人民警察,本科,经济学门类,1,18
300138,省直,省巢湖监狱,人民警察,本科,不限,1,57
300139,省直,省合肥监狱,人民警察,研究生,法学（一级学科）、教育学（一级学科）、心理学（一级学科）、社会学（二级学科）、法律硕士（专业硕士）,2,22
300140,省直,省合肥监狱,人民警察,研究生,公共管理（一级学科）、公共管理硕士（专业硕士）、图书情报硕士（专业硕士）,2,17
300141,省直,省合肥监狱,网络安全管理,本科,计算机类、电子信息类（不含特设专业）,1,38
300142,省直,省合肥监狱,人民警察,本科,中国语言文学类、英语专业,2,161
300143,省直,省合肥监狱,心理矫正,本科,心理学类,1,23
300144,省直,省合肥监狱,人民警察,本科,影视摄影与制作专业、广播电视编导专业、影视技术专业、戏剧影视导演专业、戏剧影视文学专业,1,43
300145,省直,省合肥监狱,人民警察,本科,安全科学与工程类、食品科学与工程类,1,22
300146,省直,省合肥监狱,金融财会,本科,金融学类、会计学专业、财务管理专业、审计学专业,1,52
300147,省直,省合肥监狱,人民警察,本科,经济学门类,1,23
300148,省直,省阜阳监狱,人民警察,本科,中国语言文学类、新闻传播学类、英语专业,2,21
300149,省直,省阜阳监狱,人民警察,本科,监狱学专业、法学专业、侦查学专业、社会学专业、社会工作专业,2,58
300150,省直,省阜阳监狱,人民警察,本科,土木类（不含特设专业）、建筑类、工程造价专业,1,23
300151,省直,省阜阳监狱,人民警察,本科,纺织类、服装与服饰设计专业、艺术设计学专业、产品设计专业,1,19
300152,省直,省阜阳监狱,人民警察,本科,美术学类、播音与主持艺术专业、舞蹈编导专业、舞蹈表演专业、表演专业、音乐表演专业、音乐学专业,1,65
300153,省直,省阜阳监狱,人民警察,本科,工商管理类（不含特设专业）、公共事业管理专业,1,42
300154,省直,省阜阳监狱,人民警察,本科,体育学类,1,28
300155,省直,省阜阳监狱,人民警察,本科,不限,1,37
300156,省直,省阜阳监狱,人民警察,本科,不限,4,26
300157,省直,省安庆监狱,人民警察,本科,监狱学专业、法学专业、侦查学专业、社会学专业、社会工作专业,2,21
300158,省直,省安庆监狱,人民警察,本科,中国语言文学类、新闻传播学类、英语专业,2,13
300159,省直,省安庆监狱,心理矫正,本科,心理学类,2,27
300160,省直,省安庆监狱,人民警察,本科,工商管理类（不含特设专业）、公共事业管理专业,2,47
300161,省直,省安庆监狱,人民警察,本科,纺织类、服装与服饰设计专业、艺术设计学专业、产品设计专业,2,23
300162,省直,省安庆监狱,人民警察,本科,土木类（不含特设专业）、建筑类、工程造价专业,1,13
300163,省直,省安庆监狱,网络安全管理,本科,计算机类、电子信息类（不含特设专业）,1,14
300164,省直,省安庆监狱,金融财会,本科,金融学类、会计学专业、财务管理专业、审计学专业,1,16
300165,省直,省安庆监狱,人民警察,本科,不限,3,4
300166,省直,省安庆监狱,人民警察,本科,不限,2,69
300167,省直,省宿州监狱,人民警察,本科,监狱学专业、法学专业、侦查学专业、社会学专业、社会工作专业,2,63
300168,省直,省宿州监狱,金融财会,本科,金融学类、会计学专业、财务管理专业、审计学专业,1,22
300169,省直,省宿州监狱,人民警察,本科,纺织类、服装与服饰设计专业、艺术设计学专业、产品设计专业,2,24
300170,省直,省宿州监狱,网络安全管理,本科,计算机类、电子信息类（不含特设专业）,1,18
300171,省直,省宿州监狱,人民警察,本科,土木类（不含特设专业）、建筑类、工程造价专业,1,19
300172,省直,省宿州监狱,人民警察,本科,不限,2,9
300173,省直,省宿州监狱,人民警察,本科,不限,1,34
300174,省直,省蚌埠监狱,人民警察,本科,中国语言文学类、新闻传播学类、英语专业,1,8
300175,省直,省蚌埠监狱,人民警察,本科,监狱学专业、法学专业、侦查学专业、社会学专业、社会工作专业,2,22
300176,省直,省蚌埠监狱,人民警察,本科,纺织类、服装与服饰设计专业、艺术设计学专业、产品设计专业,1,16
300177,省直,省蚌埠监狱,金融财会,本科,金融学类、会计学专业、财务管理专业、审计学专业,1,19
300178,省直,省蚌埠监狱,网络安全管理,本科,计算机类、电子信息类（不含特设专业）,1,18
300179,省直,省蚌埠监狱,人民警察,本科,美术学类、舞蹈编导专业、舞蹈表演专业、音乐表演专业、音乐学专业,1,29
300180,省直,省蚌埠监狱,人民警察,本科,环境科学与工程类、食品科学与工程类,1,14
300181,省直,省庐江监狱,人民警察,本科,中国语言文学类、新闻传播学类、英语专业,1,8
300182,省直,省庐江监狱,人民警察,本科,环境科学与工程类、食品科学与工程类,2,32
300183,省直,省庐江监狱,人民警察,本科,机械类,2,42
300184,省直,省庐江监狱,人民警察,本科,工商管理类（不含特设专业）、公共事业管理专业,2,60
300185,省直,省庐江监狱,人民警察,本科,舞蹈编导专业、舞蹈表演专业、音乐表演专业、音乐学专业,1,50
300186,省直,省庐江监狱,金融财会,本科,金融学类、会计学专业、财务管理专业、审计学专业,1,13
300187,省直,省庐江监狱,人民警察,本科,纺织类、服装与服饰设计专业、视觉传达设计专业,1,35
300188,省直,省庐江监狱,网络安全管理,本科,计算机类、电子信息类（不含特设专业）,1,15
300189,省直,省蜀山监狱,人民警察,研究生,法学（一级学科）、中国语言文学（一级学科）、新闻传播学（一级学科）,1,6
300190,省直,省蜀山监狱,人民警察,本科,机械类,1,32
300191,省直,省蜀山监狱,金融财会,本科,金融学类、会计学专业、财务管理专业、审计学专业,1,41
300192,省直,省蜀山监狱,人民警察,本科,美术学类、播音与主持艺术专业、舞蹈编导专业、舞蹈表演专业、表演专业,1,98
300193,省直,省马鞍山监狱,人民警察,研究生,法学（一级学科）、教育学（一级学科）、心理学（一级学科）、社会学（二级学科）、法律硕士（专业硕士）,1,6
300194,省直,省马鞍山监狱,人民警察,本科,土木类（不含特设专业）、建筑类、工程造价专业,1,19
300195,省直,省马鞍山监狱,人民警察,本科,环境科学与工程类、食品科学与工程类,1,13
300196,省直,省马鞍山监狱,网络安全管理,本科,计算机类、电子信息类（不含特设专业）,1,15
300197,省直,省铜陵监狱,人民警察,本科,中国语言文学类、新闻传播学类、英语专业,1,7
300198,省直,省铜陵监狱,人民警察,本科,土木类（不含特设专业）、建筑类、工程造价专业,1,13
300199,省直,省铜陵监狱,人民警察,本科,播音与主持艺术专业、舞蹈编导专业、舞蹈表演专业、表演专业、音乐表演专业、音乐学专业,1,52
300200,省直,省女子监狱,人民警察,研究生,中国语言文学（一级学科）、新闻传播学（一级学科）,1,8
300201,省直,省女子监狱,人民警察,本科,纺织类、服装与服饰设计专业、电气工程及其自动化专业,1,64
300202,省直,省女子监狱,警察医学,本科,临床医学类(不含特设专业）、精神医学专业、中西医临床医学专业,1,59
300203,省直,省女子监狱,金融财会,本科,会计学专业、财务管理专业、审计学专业,1,28
300204,省直,省潜川监狱,人民警察,本科,中国语言文学类、新闻传播学类,1,8
300205,省直,省潜川监狱,人民警察,本科,监狱学专业、法学专业、侦查学专业、社会学专业、社会工作专业,2,19
300206,省直,省潜川监狱,人民警察,本科,土木类（不含特设专业）、建筑类、工程造价专业,2,29
300207,省直,省潜川监狱,人民警察,本科,电气类（不含特设专业）,2,34
300208,省直,省潜川监狱,人民警察,本科,植物生产类（不含特设专业）、林业工程类,1,5
300209,省直,省潜川监狱,金融财会,本科,金融学类、会计学专业、财务管理专业、审计学专业,1,16
300210,省直,省青山监狱,人民警察,本科,中国语言文学类、新闻传播学类、英语专业,1,10
300211,省直,省青山监狱,网络安全管理,本科,计算机类、电子信息类（不含特设专业）,1,19
300212,省直,省青山监狱,人民警察,本科,播音与主持艺术专业、音乐表演专业、戏剧影视导演专业、戏剧影视文学专业、广播电视编导专业,1,53
300213,省直,省未成年犯管教所（省庐州女子监狱）,人民警察,研究生,中国语言文学（一级学科）、新闻传播学（一级学科）,1,9
300214,省直,省未成年犯管教所（省庐州女子监狱）,人民警察,本科,管理学门类,2,71
300215,省直,省未成年犯管教所（省庐州女子监狱）,人民警察,本科,美术学类、舞蹈编导专业、舞蹈表演专业、音乐表演专业、音乐学专业,1,78
300216,省直,省未成年犯管教所（省庐州女子监狱）,人民警察,本科,纺织类、服装与服饰设计专业、艺术设计学专业、产品设计专业、电气工程及其自动化专业,1,75
300217,省直,省未成年犯管教所（省庐州女子监狱）,人民警察,本科,统计学类、数学类,1,42
300218,省直,省未成年犯管教所（省庐州女子监狱）,网络安全管理,本科,计算机类、电子信息类（不含特设专业）,1,46
300219,省直,省未成年犯管教所（省庐州女子监狱）,心理矫正,本科,心理学类,1,82
300220,省直,省未成年犯管教所（省庐州女子监狱）,人民警察,本科,不限,1,78
300221,省直,省淝河监狱,人民警察,本科,监狱学专业、法学专业、侦查学专业、社会学专业、社会工作专业,1,11
300222,省直,省淝河监狱,网络安全管理,本科,计算机类、电子信息类（不含特设专业）,1,16
300223,省直,省淝河监狱,警察医学,本科,护理学类(不含特设专业),1,66
300224,省直,省淝河监狱,警察医学,本科,医学检验技术专业、卫生检验与检疫专业、医学实验技术专业,1,27
300225,省直,省淝河监狱,警察医学,本科,临床医学类(不含特设专业）、精神医学专业、中西医临床医学专业,2,35
300226,省直,省直监狱单位,警察医学,本科,临床医学类(不含特设专业）、精神医学专业、中西医临床医学专业,2,13
300227,省直,省直监狱单位,警察医学,本科,临床医学类(不含特设专业）、精神医学专业、中西医临床医学专业,3,14
300228,省直,省直监狱单位,警察医学,本科,临床医学类(不含特设专业）、精神医学专业、中西医临床医学专业,7,36
300229,省直,省直监狱单位,人民警察,本科,不限,6,16
300230,省直,省直监狱单位,人民警察,本科,不限,5,10
300231,省直,省南湖强制隔离戒毒所,人民警察,本科,不限,3,14
300232,省直,省南湖强制隔离戒毒所,人民警察,本科,不限,1,4
300233,省直,省南湖强制隔离戒毒所,人民警察,本科,不限,1,43
300234,省直,省南湖强制隔离戒毒所,人民警察,研究生,法学（一级学科）、法律硕士（专业硕士）,1,3
300235,省直,省南湖强制隔离戒毒所,人民警察,研究生,中国语言文学（一级学科）、新闻传播学（一级学科）,2,2
300236,省直,省南湖强制隔离戒毒所,人民警察,本科,植物生产类,2,9
300237,省直,省南湖强制隔离戒毒所,人民警察,研究生,应用经济学（一级学科）、工商管理（一级学科）、农林经济管理（一级学科）,2,15
300238,省直,省南湖强制隔离戒毒所,警察医学,本科,临床医学类（不含特设专业）,2,22
300239,省直,省南湖强制隔离戒毒所,警察医学,本科,护理学类(不含特设专业),1,27
300240,省直,省南湖强制隔离戒毒所,金融财会,本科,会计学专业、审计学专业、财务管理专业,2,20
300241,省直,省南湖强制隔离戒毒所,网络安全管理,本科,计算机类（不含特设专业）,1,15
300242,省直,省南湖强制隔离戒毒所,人民警察,本科,水产类,2,10
300243,省直,省南湖强制隔离戒毒所,人民警察,本科,体育学类、音乐表演专业、舞蹈编导专业、舞蹈表演专业、表演专业,2,68
300244,省直,省女子强制隔离戒毒所,网络安全管理,研究生,计算机科学与技术（一级学科）,1,9
300245,省直,省女子强制隔离戒毒所,人民警察,本科,不限,1,76
300246,省直,省蚌埠强制隔离戒毒所,网络安全管理,本科,计算机类（不含特设专业）,1,15
300247,省直,省滨湖强制隔离戒毒所,人民警察,本科,食品质量与安全专业、食品安全与检测专业、化学生物学专业、化学工程与工业生物工程专业,1,18
300248,省直,省滨湖强制隔离戒毒所,警察医学,本科,医学检验技术专业、卫生检验与检疫专业、医学实验技术专业,1,24
300249,省直,省未成年人强制隔离戒毒所,人民警察,本科,视觉传达设计专业、艺术设计学专业、包装设计专业、工艺美术专业,1,47
300250,省直,省未成年人强制隔离戒毒所,金融财会,本科,会计学专业、审计学专业、财务管理专业,1,16
160001,安庆,中共安庆市委党校,综合文字,本科,中国语言文学类,1,45
160002,安庆,中共安庆市委党校,教务信息管理,本科,计算机类,1,87
160003,安庆,安庆市档案馆,档案管理,本科,不限,2,443
160004,安庆,中共安庆市委党史和地方志研究室,史志编研,本科,历史学类,1,35
160005,安庆,中共安庆市委党史和地方志研究室,史志编研,本科,政治学类、历史学专业、汉语言文学专业,1,32
160006,安庆,中共安庆市委讲师团,理论教学研究,本科,马克思主义理论类、中国语言文学类、新闻传播学类,1,42
160007,安庆,中共安庆市委老干部局市老年教育委员会（老年大学）工作处,教学行政管理,本科,中国语言文学类、新闻传播学类、教育学类、经济学类,1,62
160008,安庆,中共安庆市委老干部局宜园老干部活动室,综合文字,本科,中国语言文学类、公共管理类,2,90
160009,安庆,安庆市红十字会,综合文字,本科,不限,1,161
160010,安庆,安庆市教育体育局市人民政府教育督导团工作处,财务管理,本科,财政学类、会计学专业、经济学专业、审计学专业、财务管理专业,1,32
160011,安庆,安庆市教育体育局市人民政府教育督导团工作处,教育督导,本科,本科：教育学类、马克思主义理论类、中国语言文学类、历史学类、法学类、计算机类；硕士研究生：不限专业,1,121
160012,安庆,安庆市财政局市财政国库支付中心,财务管理,本科,财政学类、会计学专业、财务管理专业、审计学专业,1,33
160013,安庆,安庆市财政局市非税收入征收管理服务中心,财务管理,本科,财政学类、会计学专业、财务管理专业、审计学专业,1,28
160014,安庆,安庆市医疗保障局市医疗保障基金管理中心,财务管理,本科,会计学专业、财务管理专业、审计学专业,1,21
160015,安庆,中共桐城市纪律检查委员会桐城市监察委员会,监督检查,本科,法学类、会计学专业、审计学专业,2,46
160016,安庆,中共桐城市纪律检查委员会桐城市监察委员会,文字综合,本科,中国语言文学类、新闻学专业,1,9
160017,安庆,中共桐城市委组织部,党群服务,本科,经济学类、法学类、中国语言文学类、新闻传播学类,2,33
160018,安庆,桐城市教育局,机关综合,本科,不限,2,13
160019,安庆,桐城市科技经济信息化局,经济运行,本科,经济学门类,1,34
160020,安庆,桐城市司法局,司法行政1,本科,法学类,4,25
160021,安庆,桐城市司法局,司法行政2,本科,法学类、中国语言文学类,1,7
160022,安庆,桐城市住房和城乡建设局,城乡建设,本科,法学类、土木类、工程造价专业,3,92
160023,安庆,桐城市交通运输局,交通运输管理,本科,中国语言文学类、交通运输类,1,20
160024,安庆,桐城市农业农村局,机关综合,本科,不限,1,2
160025,安庆,桐城市农业农村局,农业管理,本科,植物生产类、环境科学与工程类、农业资源与环境专业,1,51
160026,安庆,桐城市水利局,水利监管,本科,法学类、财务管理专业、公共事业管理专业、应急管理专业,1,27
160027,安庆,桐城市商务局,经济管理,本科,经济学类、中国语言文学类,3,57
160028,安庆,桐城市文化旅游体育局,文字综合,本科,中国语言文学类,1,14
160029,安庆,桐城市卫生健康委员会,财务管理,本科,财政学类、会计学专业、财务管理专业、审计学专业,1,13
160030,安庆,桐城市卫生健康委员会,健康管理,本科,临床医学类、基础医学专业、卫生监督专业,1,11
160031,安庆,桐城市应急管理局,应急管理,本科,矿业类、新闻学专业、行政管理专业、材料化学专业、化学专业、化学工程与工艺专业、化工安全工程专业,1,29
160032,安庆,桐城市审计局,经济审计,本科,经济学类、财政学类、金融学类、土木类、管理科学与工程类、工商管理类,5,245
160033,安庆,桐城市市场监督管理局,市场监管1,本科,不限,3,89
160034,安庆,桐城市市场监督管理局,市场监管2,本科,中国语言文学类、新闻传播学类、电子信息类,3,85
160035,安庆,桐城市市场监督管理局,市场监管3,本科,法学类、金融学类、机械类、食品科学与工程类、工商管理类,4,139
160036,安庆,桐城市市场监督管理局,市场监管4,本科,法学门类、计算机类、中药学类、药学类,5,133
160037,安庆,桐城市乡镇机关,经济统计,本科,经济学类、财政学类、金融学类、统计学类,6,113
160038,安庆,桐城市乡镇机关,村镇建设管理1,专科,不限,5,213
160039,安庆,桐城市乡镇机关,村镇建设管理2,专科,不限,5,202
160040,安庆,桐城市乡镇机关,应急管理,专科,不限,8,296
160041,安庆,桐城市乡镇机关,基层服务1,专科,不限,7,19
160042,安庆,桐城市乡镇机关,基层服务2,专科,不限,7,15
160043,安庆,桐城市乡镇机关,农村经济1,专科,不限,7,101
160044,安庆,桐城市乡镇机关,农村经济2,专科,不限,8,93
160045,安庆,桐城市乡镇机关,农村经济3,专科,不限,8,149
160046,安庆,桐城市范岗镇,村镇规划,本科,土木类、建筑类,1,21
160047,安庆,桐城市新渡镇,人武专干,专科,人民武装专业（退役军人报考可不限专业）,1,27
160048,安庆,桐城市乡镇机关,乡村振兴,高中（中专）,不限,2,0
160049,安庆,中共怀宁县委办公室,综合文字,本科,中国语言文学类、新闻传播学类,1,14
160050,安庆,中共怀宁县委办公室,机关综合,本科,不限,1,4
160051,安庆,中共怀宁县纪律检查委员会怀宁县监察委员会,执纪监督,本科,新闻传播学类、汉语言文学专业、法学专业、会计学专业、财务管理专业、审计学专业,4,63
160052,安庆,中共怀宁县纪委监委派驻机构,监督检查,本科,财政学类、金融学类、法学专业、会计学专业、财务管理专业、审计学专业,3,76
160053,安庆,中共怀宁县委组织部,机关综合,本科,中国语言文学类、新闻传播学类、经济学类、法学专业,1,13
160054,安庆,中共怀宁县委宣传部,思想宣传,本科,不限,1,55
160055,安庆,中共怀宁县委统战部,综合文字,本科,不限,1,54
160056,安庆,中共怀宁县委巡察工作领导小组办公室,机关综合,本科,会计学专业、财务管理专业、财政学专业,1,15
160057,安庆,共青团怀宁县委员会,青年工作,本科,不限,1,52
160058,安庆,怀宁经济开发区管理委员会,企业服务,本科,经济学类、法学类,1,14
160059,安庆,怀宁县教育局,财务管理,本科,财政学类、财务管理专业、会计学专业、审计学专业,2,29
160060,安庆,怀宁县教育局,综合文字,本科,汉语言文学专业、汉语言专业、秘书学专业,1,13
160061,安庆,怀宁县教育局,机关综合,本科,不限,1,81
160062,安庆,怀宁县科技经济信息化局,经济管理,本科,经济学类、财政学类、金融学类、会计学专业、财务管理专业,1,20
160063,安庆,怀宁县科技经济信息化局,信息化管理,本科,计算机类、电子信息类,1,45
160064,安庆,怀宁县司法局,司法助理,本科,法学类,1,6
160065,安庆,怀宁县司法局,行政复议,本科,法学类,1,4
160066,安庆,怀宁县人力资源和社会保障局,综合文字,本科,中国语言文学类,1,15
160067,安庆,怀宁县人力资源和社会保障局,劳动仲裁,本科,法学类,1,8
160068,安庆,怀宁县人力资源和社会保障局,财务管理,本科,会计学专业、财务管理专业、审计学专业,1,9
160069,安庆,怀宁县自然资源和规划局,城乡规划,本科,地理科学类、计算机科学与技术专业、环境科学专业、法学专业,2,66
160070,安庆,怀宁县交通运输局,综合文字,本科,汉语言文学专业、汉语言专业、新闻学专业,1,8
160071,安庆,怀宁县农业农村局,综合文字,本科,中国语言文学类、新闻传播学类,1,13
160072,安庆,怀宁县农业农村局,农业经济管理,本科,经济学类,1,14
160073,安庆,怀宁县水利局,水利技术,本科,水利类,2,30
160074,安庆,怀宁县水利局,综合文字,本科,中国语言文学类,1,5
160075,安庆,怀宁县文化旅游体育局,综合文字,本科,中国语言文学类,1,7
160076,安庆,怀宁县卫生健康委员会,卫生健康管理,本科,临床医学专业、基础医学专业、预防医学专业,1,14
160077,安庆,怀宁县卫生健康委员会,机关综合,本科,中国语言文学类、法学专业,1,10
160078,安庆,怀宁县应急管理局,应急管理,本科,安全工程专业、应急技术与管理专业、采矿工程专业、化工安全工程专业、化学工程与工艺专业、法学专业,1,24
160079,安庆,怀宁县审计局,综合审计监督1,本科,土木类、建筑类、环境科学与工程类、工程管理专业、工程审计专业、工程造价专业,1,44
160080,安庆,怀宁县审计局,综合审计监督2,本科,金融学类、财政学类、会计学专业、审计学专业、经济学专业、财务管理专业,1,16
160081,安庆,怀宁县市场监督管理局,市场监管1,本科,法学专业、知识产权专业、信用风险管理与法律防控专业,6,40
160082,安庆,怀宁县市场监督管理局,市场监管2,本科,中国语言文学类,2,11
160083,安庆,怀宁县市场监督管理局,市场监管3,本科,不限,2,4
160084,安庆,怀宁县市场监督管理局,市场监管4,本科,不限,3,69
160085,安庆,怀宁县县直机关,机关综合,本科,不限,3,27
160086,安庆,怀宁县乡镇机关,项目建设管理,专科,不限,5,243
160087,安庆,怀宁县乡镇机关,乡村振兴,本科,不限,6,12
160088,安庆,怀宁县乡镇机关,民政事务管理,本科,不限,7,119
160089,安庆,怀宁县平山镇,人武专干,专科,不限,1,8
160090,安庆,怀宁县乡镇机关（乡镇财政所）,乡镇财政管理1,专科,不限,4,191
160091,安庆,怀宁县乡镇机关（乡镇财政所）,乡镇财政管理2,本科,不限,3,9
160092,安庆,怀宁县乡镇机关（乡镇财政所）,财务管理,本科,财政学类、经济学类、金融学类、工商管理类,8,142
160093,安庆,怀宁县乡镇机关（乡镇财政所）,综合文字,本科,中国语言文学类、新闻传播学类、哲学类,2,20
160094,安庆,怀宁县乡镇机关（乡镇财政所）,财政工程管理,本科,管理科学与工程类、工业工程类、土木类,2,51
160095,安庆,怀宁县乡镇机关,村镇综合管理,高中（中专）,不限,2,0
160096,安庆,潜山市油坝乡,人武专干,专科,人民武装专业（退役军人报考可不限专业）,1,25
160097,安庆,潜山市乡镇机关,乡村旅游管理,专科,不限,7,75
160098,安庆,潜山市乡镇机关,乡村振兴管理1,专科,不限,8,389
160099,安庆,潜山市乡镇机关,乡村振兴管理2,专科,不限,8,312
160100,安庆,潜山市乡镇机关,社会事务管理,本科,不限,6,129
160101,安庆,潜山市乡镇机关,组织人事管理,专科,不限,8,125
160102,安庆,潜山市乡镇机关,乡村振兴管理,高中（中专）,不限,2,0
160103,安庆,岳西县司法局,行政复议,本科,法学类,1,10
160104,安庆,岳西县司法局,社区矫正1,本科,不限,1,10
160105,安庆,岳西县司法局,社区矫正2,本科,法学类,2,35
160106,安庆,岳西县司法局,司法行政,本科,法学类,2,9
160107,安庆,岳西县毛尖山乡,人武专干,专科,人民武装专业（退役军人报考可不限专业）,1,31
160108,安庆,岳西县乡镇机关,项目建设,专科,不限,5,64
160109,安庆,岳西县乡镇机关,民政事务,专科,不限,4,84
160110,安庆,岳西县乡镇机关,农机农技,本科,工学门类、管理学门类、农学门类,4,87
160111,安庆,岳西县乡镇机关,财务管理,本科,经济学门类、统计学类、会计学专业,3,81
160112,安庆,岳西县乡镇机关,村镇建设,专科,不限,6,343
160113,安庆,太湖县司法局,司法行政,本科,法学类,3,14
160114,安庆,太湖县司法局,财务管理,本科,会计学专业、财务管理专业、审计学专业、金融学专业,1,15
160115,安庆,太湖县供销合作社联合社,供销合作经济指导,本科,经济学类、金融学类、工商管理类,1,22
160116,安庆,太湖县刘畈乡,电商营销,本科,工商管理类、电子商务类、电子信息类,1,21
160117,安庆,太湖县汤泉乡,人武专干,专科,人民武装专业（退役军人报考可不限专业）,1,21
160118,安庆,太湖县乡镇机关,村镇建设管理,专科,不限,6,57
160119,安庆,太湖县乡镇机关,民政事务管理,专科,不限,7,396
160120,安庆,太湖县乡镇机关,项目建设管理,本科,不限,3,56
160121,安庆,太湖县乡镇机关,组织人事管理,本科,不限,2,35
160122,安庆,太湖县乡镇机关,乡村振兴,高中（中专）,不限,2,0
160123,安庆,中共望江县纪律检查委员会望江县监察委员会,监督检查,本科,法学类、财务管理专业、会计学专业、审计学专业,2,45
160124,安庆,中共望江县纪委监委派驻机构,执法监督,本科,法学类、会计学专业、财政学专业、金融学专业,4,57
160125,安庆,中共望江县委办公室,综合文字,本科,中国语言文学类、新闻传播学类,3,46
160126,安庆,中共望江县委组织部,机关综合,本科,不限,1,40
160127,安庆,中共望江县委宣传部,机关综合,本科,不限,2,79
160128,安庆,中共望江县委机构编制委员会办公室,机构编制管理,本科,中国语言文学类（不含特设专业）,1,11
160129,安庆,中共望江县委机构编制委员会办公室,权责清单,本科,法学类（不含特设专业）,1,24
160130,安庆,共青团望江县委员会,综合管理1,本科,不限,2,55
160131,安庆,共青团望江县委员会,综合管理2,本科,不限,1,38
160132,安庆,望江县工商业联合会,机关综合,本科,中国语言文学类,1,11
160133,安庆,望江县人民政府办公室,综合文字,本科,经济学类、法学类、中国语言文学类,3,31
160134,安庆,望江县人民政府办公室,财务管理,本科,会计学专业、财务管理专业、审计学专业,1,10
160135,安庆,望江县教育局,机关综合,本科,不限,3,131
160136,安庆,望江县科技经济信息化局,信息化建设,本科,通信工程专业、电气工程及其自动化专业、信息工程专业,1,37
160137,安庆,望江县科技经济信息化局,经济运行监测,本科,统计学类、经济与贸易类,1,21
160138,安庆,望江县科技经济信息化局,机关综合,本科,中国语言文学类,1,3
160139,安庆,望江县司法局,社区矫正1,本科,法学类,1,19
160140,安庆,望江县司法局,社区矫正2,本科,法学类,2,29
160141,安庆,望江县民政局,财务管理,本科,工商管理专业、会计学专业、财务管理专业,1,27
160142,安庆,望江县自然资源和规划局,自然资源管理1,本科,城乡规划专业、土地资源管理专业、人文地理与城乡规划专业,2,29
160143,安庆,望江县自然资源和规划局,自然资源管理2,本科,不限,1,6
160144,安庆,望江县交通运输局,项目管理,本科,交通运输专业、交通工程专业、交通设备与控制工程专业,1,21
160145,安庆,望江县水利局,水利建设,本科,水利类,3,23
160146,安庆,望江县卫生健康委员会,卫生健康管理,本科,医学门类、计算机类,3,84
160147,安庆,望江县退役军人事务局,退役军人事务管理,本科,不限,1,9
160148,安庆,望江县应急管理局,安全监管,本科,化学类、化工与制药类,1,26
160149,安庆,望江县应急管理局,应急管理,本科,法学类、安全工程专业、应急管理专业、应急技术与管理专业,1,11
160150,安庆,望江县统计局,工业统计,本科,统计学类、法学类,1,17
160151,安庆,望江县林业局,林业管理,本科,林学类、法学类,1,13
160152,安庆,望江县医疗保障局,机关综合,本科,不限,1,23
160153,安庆,望江县城市管理局,财务管理,本科,会计学专业、财务管理专业、审计学专业,1,14
160154,安庆,望江县乡村振兴局,乡村建设管理,本科,不限,1,34
160155,安庆,望江县乡村振兴局,机关综合,本科,不限,1,3
160156,安庆,望江县农业农村局,机关综合,本科,不限,1,3
160157,安庆,望江县农业农村局,农业项目管理,本科,经济学类、统计学类,2,26
160158,安庆,望江县农业农村局,三农服务,本科,农学门类、电子信息类,1,23
160159,安庆,望江县审计局,财务审计,本科,审计学专业、会计学专业、财务管理专业、财政学专业、金融学专业,2,19
160160,安庆,望江县审计局,电子数据审计,本科,电子信息工程专业、数据科学与大数据技术专业、工程管理专业、工程造价专业,1,28
160161,安庆,望江县市场监督管理局,市场监管1,本科,化学类、机械类、材料类,2,52
160162,安庆,望江县市场监督管理局,市场监管2,本科,经济学类、法学类,2,21
160163,安庆,望江县市场监督管理局,市场监管3,本科,不限,5,85
160164,安庆,望江县市场监督管理局,市场监管4,本科,工学门类,2,66
160165,安庆,望江县市场监督管理局,市场监管5,本科,不限,3,13
160166,安庆,望江县乡镇（财政分局）机关,财政管理,本科,财政学专业、金融学专业、会计学专业、财务管理专业,2,19
160167,安庆,望江县长岭镇,人武专干,专科,不限,1,8
160168,安庆,望江县乡镇（街道）机关,机关综合,专科,不限,5,248
160169,安庆,望江县乡镇（街道）机关,村镇建设管理,本科,不限,4,17
160170,安庆,望江县乡镇（街道）机关,电商营销,本科,不限,5,53
160171,安庆,望江县乡镇（街道）机关,项目建设管理,本科,不限,4,61
160172,安庆,望江县吉水街道机关,城镇建设管理,高中（中专）,不限,1,0
160173,安庆,迎江区司法局,司法复议管理,本科,不限,2,23
160174,安庆,宜秀区司法局,司法行政1,本科,法学门类,1,8
160175,安庆,宜秀区司法局,司法行政2,本科,法学门类,1,7
160176,安庆,宜秀区乡镇机关,行政管理,本科,不限,2,16
160177,安庆,宜秀区乡镇机关,财务管理,本科,金融学类、财政学类、会计学专业、财务管理专业,3,109
160178,安庆,宜秀区大龙山镇,项目建设管理,本科,土木类、建筑类,1,52
160179,安庆,宜秀区乡镇（街道）机关,机关综合,本科,中国语言文学类、法学专业、新闻学专业,2,35
160180,安庆,宜秀区白泽湖乡,财务管理,本科,会计学专业、财务管理专业、审计学专业、财政学专业,1,19
160181,安庆,宜秀区五横乡,农林建设,本科,农业工程类、林学类、农学专业、农艺教育专业、农业资源与环境专业,1,18
160182,安庆,宜秀区罗岭镇,综合文字,本科,政治学类、马克思主义理论类、汉语言文学专业、新闻学专业,1,16
160183,安庆,安庆市中级人民法院,法官助理,本科,法学类,5,53
160184,安庆,安庆市中级人民法院,司法行政人员,本科,计算机类,2,75
160185,安庆,桐城市人民法院,司法行政人员,本科,不限,1,4
160186,安庆,桐城市人民法院,法官助理,本科,法学类,5,17
160187,安庆,怀宁县人民法院,法官助理,本科,法学类,1,2
160188,安庆,怀宁县人民法院,司法行政人员,本科,图书情报与档案管理类,1,9
160189,安庆,潜山市人民法院,法官助理1,本科,法学类,1,2
160190,安庆,潜山市人民法院,法官助理2,本科,法学类,3,4
160191,安庆,潜山市人民法院,司法警察,本科,不限,1,25
160192,安庆,岳西县人民法院,司法行政人员,本科,不限,1,6
160193,安庆,岳西县人民法院,法官助理,本科,法学类,3,6
160194,安庆,岳西县人民法院,司法警察,本科,公安学类、法学类、体育学类,1,11
160195,安庆,太湖县人民法院,法官助理1,本科,法学类,1,6
160196,安庆,太湖县人民法院,法官助理2,本科,法学类,1,0
160197,安庆,望江县人民法院,司法行政人员,本科,不限,1,4
160198,安庆,望江县人民法院,法官助理1,本科,法学类,1,0
160199,安庆,望江县人民法院,法官助理2,本科,法学类,4,7
160200,安庆,望江县人民法院,司法警察,本科,不限,1,13
160201,安庆,迎江区人民法院,司法行政人员,本科,不限,1,19
160202,安庆,迎江区人民法院,法官助理1,本科,法学类,1,5
160203,安庆,迎江区人民法院,法官助理2,本科,法学类,3,21
160204,安庆,大观区人民法院,法官助理1,本科,法学类,1,1
160205,安庆,大观区人民法院,法官助理2,本科,法学类,1,1
160206,安庆,宿松县人民法院,法官助理,本科,法学类,3,7
160207,安庆,宿松县人民法院,司法行政人员1,本科,计算机类,1,19
160208,安庆,宿松县人民法院,司法行政人员2,本科,中国语言文学类、新闻传播学类,1,15
160209,安庆,桐城市人民检察院,检察官助理1,本科,法学类（不含特设专业）,2,5
160210,安庆,桐城市人民检察院,检察官助理2,本科,法学类（不含特设专业）,1,3
160211,安庆,怀宁县人民检察院,司法行政人员1,本科,会计学专业、审计学专业、财务管理专业,1,13
160212,安庆,怀宁县人民检察院,司法行政人员2,本科,计算机科学与技术专业、网络工程专业、信息安全专业,1,19
160213,安庆,岳西县人民检察院,检察官助理1,本科,法学类（不含特设专业）,1,2
160214,安庆,岳西县人民检察院,检察官助理2,本科,法学类（不含特设专业）,1,2
160215,安庆,岳西县人民检察院,司法行政人员,本科,不限,1,12
160216,安庆,太湖县人民检察院,检察官助理1,本科,法学类（不含特设专业）,1,10
160217,安庆,太湖县人民检察院,检察官助理2,本科,法学类（不含特设专业）,1,5
160218,安庆,望江县人民检察院,检察官助理1,本科,法学类（不含特设专业）,1,1
160219,安庆,望江县人民检察院,检察官助理2,本科,法学类（不含特设专业）,1,1
160220,安庆,迎江区人民检察院,检察官助理,本科,法学类（不含特设专业）,1,6
160221,安庆,宜秀区人民检察院,检察官助理,本科,法学类（不含特设专业）,1,5
160222,安庆,安庆市公安局,特警1,本科,体育教育专业、运动训练专业、武术与民族传统体育专业,2,34
160223,安庆,安庆市公安局,特警2,本科,体育教育专业、运动训练专业、武术与民族传统体育专业,4,44
160224,安庆,安庆市公安局,特警3,本科,体育教育专业、运动训练专业、武术与民族传统体育专业,4,35
160225,安庆,安庆市公安局,人民警察1,本科,不限,3,73
160226,安庆,安庆市公安局,人民警察2,本科,不限,1,3
160227,安庆,安庆市公安局,人民警察3,本科,计算机科学与技术专业、数字媒体技术专业、智能科学与技术专业,1,12
160228,安庆,安庆市所辖部分县公安局,人民警察,专科,研究生：公安学（一级学科）、公安技术（一级学科）；本科：侦查学专业、治安学专业、公安管理学专业、交通管理工程专业、刑事科学技术专业、网络安全与执法专业、警务指挥与战术专业；专科：刑事侦查专业、治安管理专业、交通管理专业、刑事科学技术专业、信息网络安全监察专业、警察指挥与战术专业、特警专业,6,29
160229,安庆,怀宁县公安局,人民警察1,本科,体育教育专业、运动训练专业、社会体育指导与管理专业,2,45
160230,安庆,怀宁县公安局,人民警察2,本科,不限,1,13
160231,安庆,怀宁县公安局,人民警察3,本科,不限,2,2
160232,安庆,怀宁县公安局,人民警察4,本科,法学专业、法医学专业、生物技术专业,2,15
160233,安庆,怀宁县公安局,人民警察5,本科,网络工程专业、网络空间安全专业、计算机科学与技术专业,3,17
160234,安庆,潜山市公安局,人民警察1,本科,通信工程专业、数据科学与大数据技术专业、网络安全与执法专业,1,8
160235,安庆,潜山市公安局,人民警察2,专科,不限,1,26
160236,安庆,潜山市公安局,人民警察3,本科,会计学专业、财务管理专业、审计学专业,1,17
160237,安庆,望江县公安局,网络安全管理★,本科,计算机类,1,9
160238,安庆,望江县公安局,法医★,本科,法医学类、临床医学类,1,10
160239,安庆,望江县公安局,人民警察1,本科,公安学类、公安技术类,1,20
160240,安庆,望江县公安局,人民警察2,本科,不限,4,62
160241,安庆,望江县公安局,人民警察3,本科,不限,6,45
160242,安庆,望江县公安局,特警,本科,体育教育专业、运动训练专业、武术与民族传统体育专业,1,4
160243,安庆,太湖县公安局,人民警察1,本科,计算机科学与技术专业、软件工程专业、网络工程专业、信息安全专业、信息工程专业、通信工程专业、网络空间安全专业,3,24
160244,安庆,太湖县公安局,人民警察2,本科,不限,3,44
160245,安庆,岳西县公安局,特警,本科,体育教育专业、运动训练专业、武术与民族传统体育专业、体能训练专业,2,14
160246,安庆,岳西县公安局,网络安全管理★,本科,计算机科学与技术专业、网络安全与执法专业、信息安全专业、数据科学与大数据技术专业,3,22
160247,安庆,岳西县公安局,人民警察,本科,新闻学专业、网络与新媒体专业、思想政治教育专业、哲学专业,1,13
150001,池州,中共池州市纪委、池州市监委,监督执纪,本科,法学类,1,10
150002,池州,池州市社科联,机关综合,本科,不限,1,11
150003,池州,池州市贵池区生态环境分局,生态环境管理,本科,环境科学与工程类、化学类、地理科学类,1,63
150004,池州,池州市东至县生态环境分局,生态环境管理,本科,环境科学与工程类、化学类、化工与制药类、生物科学类、法学专业,1,46
150005,池州,池州市东至县生态环境分局,机关综合,本科,不限,1,1
150006,池州,池州市司法局,行政复议与应诉,本科,法学类,1,33
150007,池州,池州市司法局,规范性审查,本科,法学类,1,20
150008,池州,中共池州市委宣传部中共池州市委讲师团,理论宣讲,本科,新闻学专业、广播电视学专业、广告学专业、传播学专业,1,41
150009,池州,中共池州市委老干部局池州市老干部活动中心,综合管理,本科,中国语言文学类、新闻传播学类、计算机类、公共管理类,1,49
150010,池州,池州市政府办公室池州市政府发展研究中心,综合文字,本科,经济学门类、工学门类、法学类、汉语言文学专业,1,53
150011,池州,池州市发展改革委池州市联合征信中心,综合管理,本科,经济学门类、管理科学与工程类、工商管理类,2,102
150012,池州,池州市财政局池州市农村综合改革工作站,资金服务保障,本科,经济学类、财政学类、金融学类、会计学专业、财务管理专业、审计学专业、财务会计教育专业,1,48
150013,池州,池州市财政局池州市国际合作资金管理中心,综合管理,本科,经济学类、财政学类、金融学类、会计学专业、财务管理专业、审计学专业、财务会计教育专业,1,59
150014,池州,池州市人力资源和社会保障局池州市人力资源开发指导中心,人力资源管理,本科,工商管理类、公共管理类、中国语言文学类,1,58
150015,池州,池州市生态环境局池州市生态环境保护综合行政执法支队,生态环境管理,本科,环境科学与工程类、化学类、生物科学类、法学专业,1,46
150016,池州,池州市农业农村局池州市农业综合行政执法支队（池州市渔政执法支队）,渔政管理,本科,法学类、水产养殖学专业、动植物检疫专业,1,14
150017,池州,池州市农业农村局池州市农业综合行政执法支队（池州市渔政执法支队）,动植物检疫,本科,法学类、水产养殖学专业、动植物检疫专业,1,14
150018,池州,池州市水利局池州市河道管理处(池州市河道采砂管理处),河道管理,本科,水利类,1,20
150019,池州,池州市文化和旅游局池州市文化市场综合执法支队,文化旅游管理,本科,旅游管理类,1,54
150020,池州,池州市文化和旅游局池州市文化市场综合执法支队,文化旅游管理,本科,法学类,1,8
150021,池州,池州市文化和旅游局池州市文化市场综合执法支队,文化旅游管理,本科,不限,1,5
150022,池州,池州市文化和旅游局池州市文化市场综合执法支队,文化旅游管理,本科,艺术管理专业、音乐学专业、舞蹈学专业、舞蹈编导专业、戏剧影视导演专业,1,40
150023,池州,池州市应急管理局池州市应急管理综合行政执法支队,应急管理,本科,机械工程专业、冶金工程专业、地质工程专业、采矿工程专业、安全工程专业、应急技术与管理专业、消防工程专业,1,27
150024,池州,池州市市场监管局池州市知识产权事业发展中心,知识产权运用保护,本科,电子信息类,1,71
150025,池州,池州市市场监管局池州市知识产权事业发展中心,知识产权运用保护,本科,材料类,1,52
150026,池州,池州市市场监管局池州市市场监管综合行政执法支队,市场监管,本科,不限,1,3
150027,池州,池州市市场监管局池州市市场监管综合行政执法支队,市场监管,本科,化学类、计算机类,1,45
150028,池州,池州市统计局池州市社会经济综合调查队,统计调查,本科,统计学类、经济统计学专业、会计学专业,2,35
150029,池州,池州市林业局池州市森林病虫害防治检疫站(池州市林业自然保护站),森林保护,本科,林学类、自然保护与环境生态类,1,25
150030,池州,池州市林业局安徽升金湖国家级自然保护区管理处,财务管理,本科,不限,1,1
150031,池州,池州市林业局安徽升金湖国家级自然保护区管理处,生态保护,本科,环境科学与工程类、林学类,1,28
150032,池州,池州市城市管理行政执法局皖江江南新兴产业集中区分局（池州市城市管理行政执法局皖江江南新兴产业集中区执法大队）,城市管理,本科,不限,1,95
150033,池州,池州市城市管理行政执法局经济技术开发区分局（池州市城市管理行政执法局经济技术开发区执法大队）,城市管理,本科,不限,1,6
150034,池州,池州市城市管理行政执法局平天湖风景区分局（池州市城市管理行政执法局平天湖风景区执法大队）,城市管理,本科,法学类,1,5
150035,池州,池州市城市管理行政执法局平天湖风景区分局（池州市城市管理行政执法局平天湖风景区执法大队）,城市管理,本科,公共管理类、管理科学与工程类、中国语言文学类、新闻传播学类,1,47
150036,池州,池州市住房公积金管理中心,财务管理,本科,会计学专业、财务管理专业、财务会计教育专业、审计学专业,1,21
150037,池州,九华山风景区政务服务中心,机关综合,本科,工商管理类、公共管理类、图书情报与档案管理类,1,48
150038,池州,九华山风景区政务服务中心,景区规划,本科,建筑类、地理科学类、地质学类,1,35
150039,池州,九华山风景区政务服务中心,基金管理,本科,财政学类、经济与贸易类、统计学类、经济统计学专业,1,29
150040,池州,九华山风景区政务服务中心,政务公开,本科,中国语言文学类、新闻传播学类、历史学类,1,25
150041,池州,九华山风景区政务服务中心,机关综合,本科,不限,1,0
150042,池州,池州市贵池区司法局,社区矫正,本科,法学门类,1,16
150043,池州,池州市贵池区司法局,社区矫正,本科,法学门类,1,9
150044,池州,池州市贵池区档案馆,档案管理,本科,中国语言文学类、图书情报与档案管理类,1,34
150045,池州,池州市贵池区红十字会,救助救援管理,本科,医学门类,1,27
150046,池州,池州市贵池区红十字会,信息系统维护,本科,自动化类、计算机类、电子信息类,1,56
150047,池州,中共池州市贵池区委宣传部中共池州市贵池区委讲师组,理论宣讲,本科,哲学门类、文学门类,1,23
150048,池州,池州市贵池区统计局池州市贵池区社会经济调查中心,统计分析,本科,经济学门类、统计学类、计算机类,1,53
150049,池州,池州市贵池区城市管理行政执法局池州市贵池区城市管理综合执法大队,城市管理,本科,法学门类,2,11
150050,池州,池州市贵池区城市管理行政执法局池州市贵池区城市管理综合执法大队,城市管理,本科,法学门类,1,6
150051,池州,池州市贵池区城市管理行政执法局池州市贵池区城市管理综合执法大队,城市管理,本科,土木类、城市管理专业、城市设计专业,2,44
150052,池州,池州市贵池区城市管理行政执法局池州市贵池区城市管理综合执法大队,城市管理,本科,交通运输类、交通管理专业、交通管理工程专业,2,34
150053,池州,池州市贵池区城市管理行政执法局池州市贵池区城市管理综合执法大队,城市管理,本科,不限,3,7
150054,池州,贵池区乡镇（街道）机关,综合管理,本科,农学门类,2,20
150055,池州,贵池区乡镇机关,综合管理,本科,理学门类,3,43
150056,池州,贵池区乡镇机关,综合管理,本科,工学门类,3,79
150057,池州,贵池区乡镇机关,综合管理,专科,不限,3,214
150058,池州,贵池区乡镇机关,综合管理,本科,不限,2,6
150059,池州,贵池区乡镇机关,人武专干,专科,不限,1,12
150060,池州,贵池区乡镇财政分局,财政管理,本科,经济学门类,1,36
150061,池州,贵池区乡镇财政分局,财政管理,本科,不限,1,13
150062,池州,贵池区乡镇财政分局,财政管理,专科,不限,2,128
150063,池州,贵池区乡镇（街道）财政分局,财政管理,本科,经济学门类、会计学专业、财务管理专业、财务会计教育专业、审计学专业、资产评估专业,3,80
150064,池州,贵池区乡镇财政分局,财政管理,专科,经济学门类、会计学专业、财务管理专业、财务会计教育专业、审计学专业、资产评估专业,1,13
150065,池州,贵池区乡镇财政分局,财政管理,本科,经济学门类、会计学专业、财务管理专业、财务会计教育专业、审计学专业、资产评估专业,1,32
150066,池州,中共东至县纪委、东至县监委派驻纪检监察组,监督执纪,本科,法学类、中国语言文学类,2,16
150067,池州,中共东至县委办公室,信息管理,本科,计算机类,1,9
150068,池州,东至县人民政府信访局,信访接待,本科,不限,1,53
150069,池州,东至县人力资源和社会保障局,机关综合,本科,公共管理类、工商管理类,1,35
150070,池州,东至县数据资源管理局,数据资源管理,本科,计算机类、自动化专业,1,38
150071,池州,东至县司法局,社区矫正,本科,法学类,1,4
150072,池州,东至县市场监管局,市场监管,本科,法学类,1,3
150073,池州,东至县市场监管局,市场监管,本科,工商管理类、经济学类,1,33
150074,池州,东至县市场监管局,食品医药监管,本科,食品科学与工程类、药学类,1,33
150075,池州,中共东至县委党史和地方志研究室（东至县档案馆）,史志档案编研,本科,不限,1,0
150076,池州,东至县机关事务服务中心（东至县归国华侨联合会）,服务保障,本科,法学类、公共管理类,1,22
150077,池州,东至县民政局东至县社会救助中心,社会救助,本科,不限,1,6
150078,池州,东至县乡镇机关,综合管理,专科,不限,2,7
150079,池州,东至县乡镇机关,综合管理,专科,不限,2,41
150080,池州,东至县乡镇机关,综合管理,专科,不限,2,116
150081,池州,东至县乡镇机关,人武专干,专科,人民武装专业（退役军人报考可不限专业）,1,22
150082,池州,东至县乡镇机关,综合管理,专科,不限,1,45
150083,池州,东至县乡镇财政分局,财政管理,专科,不限,1,2
150084,池州,东至县乡镇财政分局,财政管理,专科,不限,1,18
150085,池州,东至县乡镇财政分局,财政管理,本科,财政学类、财务管理专业、会计学专业、财务会计教育专业,2,31
150086,池州,东至县乡镇财政分局,财政管理,本科,财政学类、财务管理专业、会计学专业、财务会计教育专业,1,12
150087,池州,东至县乡镇财政分局,网络安全管理,本科,计算机类、电子信息类,1,16
150088,池州,东至县乡镇财政分局,财政管理,专科,不限,1,51
150089,池州,中共石台县委办公室,综合文字,本科,中国语言文学类、法学类,1,20
150090,池州,中共石台县委宣传部,机关综合,本科,不限,1,7
150091,池州,中共石台县委编办,综合管理,本科,不限,1,8
150092,池州,石台县卫健委,公共卫生管理,本科,医学门类,2,30
150093,池州,石台县科技经济信息化局,工业经济,本科,经济学门类、管理学门类、工学门类,2,59
150094,池州,石台县教育体育局,机关综合,本科,不限,1,11
150095,池州,石台县教育体育局,机关综合,本科,不限,1,58
150096,池州,石台县审计局,审计监督,本科,经济学门类、计算机类、会计学专业、审计学专业、财务管理专业,1,29
150097,池州,石台县司法局,社区矫正,本科,法学类,1,6
150098,池州,石台县乡镇机关,乡村旅游,专科,不限,1,56
150099,池州,石台县乡镇机关,综合管理,专科,不限,2,64
150100,池州,石台县乡镇机关,综合管理,专科,不限,1,16
150101,池州,石台县乡镇机关,人武专干,专科,人民武装专业（退役军人报考可不限专业）,1,20
150102,池州,石台县乡镇机关,乡村旅游,专科,不限,1,41
150103,池州,石台县乡镇机关,综合管理,专科,不限,2,23
150104,池州,石台县乡镇机关,乡村旅游,专科,不限,2,104
150105,池州,石台县乡镇财政分局,财政管理,专科,不限,1,17
150106,池州,石台县乡镇财政分局,财政管理,专科,财政学类、会计学专业、财务管理专业、审计学专业,1,17
150107,池州,中共青阳县纪委、青阳县监委,监督执纪,本科,不限,1,36
150108,池州,中共青阳县委编办,机关党建,本科,不限,1,36
150109,池州,中共青阳县直机关工委,综合管理,本科,不限,1,37
150110,池州,青阳县科技经济信息化局,经济信息化管理,本科,经济学类、计算机类,1,34
150111,池州,青阳县司法局,社区矫正,本科,法学类,3,66
150112,池州,青阳县司法局,社区矫正,本科,不限,1,4
150113,池州,青阳县自然资源和规划局,自然资源管理,本科,地理科学类、地质学类、地质类、土木类、测绘类、矿业类、建筑类、计算机类、法学类、土地资源管理专业,1,43
150114,池州,青阳县自然资源和规划局,机关综合,本科,不限,1,2
150115,池州,青阳县文化和旅游局,文化旅游管理,本科,旅游管理类、文化产业管理专业,1,47
150116,池州,青阳县市场监管局,市场监管,本科,不限,1,63
150117,池州,青阳县市场监管局,市场监管,本科,不限,1,41
150118,池州,青阳县市场监管局,市场监管,专科,不限,1,10
150119,池州,青阳县林业局,森林资源管理,本科,林学类、森林工程专业、植物保护专业、植物科学与技术专业、野生动物与自然保护区管理专业,2,15
150120,池州,青阳县档案馆（中共青阳县委党史和地方志研究室）,机关综合,本科,不限,1,53
150121,池州,池州市中级人民法院,法官助理,本科,法学类,1,7
150122,池州,池州市中级人民法院,司法行政人员,本科,计算机类,1,28
150123,池州,池州市贵池区人民法院,法官助理,本科,法学类,1,2
150124,池州,池州市贵池区人民法院,法官助理,本科,法学类,1,3
150125,池州,东至县人民法院,法官助理,本科,法学类,4,4
150126,池州,东至县人民法院,法官助理,本科,法学类,1,1
150127,池州,东至县人民法院,司法行政人员,本科,计算机科学与技术专业、网络工程专业、电子与计算机工程专业、软件工程专业、信息安全专业,1,15
150128,池州,石台县人民法院,司法警察,本科,网络工程专业、新媒体技术专业、数据科学与大数据技术专业、信息安全专业、电子与计算机工程专业、软件工程专业,1,3
150129,池州,石台县人民法院,司法警察,本科,不限,1,9
150130,池州,青阳县人民法院,法官助理,本科,法学类,6,13
150131,池州,青阳县人民法院,司法行政人员,本科,会计学专业、财务管理专业、审计学专业、财务会计教育专业,1,17
150132,池州,青阳县人民法院,司法行政人员,本科,不限,1,3
150133,池州,池州市贵池区人民检察院,检察官助理,本科,法学类（不含特设专业）,1,4
150134,池州,东至县人民检察院,检察官助理,本科,法学类（不含特设专业）,2,3
150135,池州,石台县人民检察院,检察官助理,本科,法学类（不含特设专业）,1,2
150136,池州,石台县人民检察院,司法行政人员,本科,会计学专业、财务管理专业、财务会计教育专业、审计学专业,1,14
150137,池州,青阳县人民检察院,检察官助理,本科,法学类（不含特设专业）,1,1
150138,池州,池州市公安局,突击,高中,,1,28
150139,池州,池州市公安局,突击,高中,,1,28
150140,池州,池州市公安局,狙击,高中,,1,24
150141,池州,池州市公安局,排爆,高中,,1,22
150142,池州,池州市公安局,网络安全管理★,本科,计算机类、网络安全与执法专业、电子信息工程专业、通信工程专业、大数据管理与应用专业,3,54
150143,池州,池州市公安局,网络安全管理★,本科,计算机类、网络安全与执法专业、电子信息工程专业、通信工程专业、大数据管理与应用专业,1,14
150144,池州,池州市公安局,人民警察,本科,不限,2,1
150145,池州,九华山风景区公安局,人民警察,本科,中国语言文学类、新闻传播学类,1,9
150146,池州,九华山风景区公安局,人民警察,本科,法学类,1,7
150147,池州,东至县公安局,网络安全管理★,本科,计算机类、电子信息类,1,9
150148,池州,东至县公安局,金融财会★,本科,经济学类、金融学类、经济与贸易类、会计学专业、财务管理专业、审计学专业,1,15
150149,池州,石台县公安局,人民警察,本科,法学类,3,26
150150,池州,石台县公安局,网络安全管理★,本科,计算机类、电子信息类、网络安全与执法专业,3,20
150151,池州,石台县公安局,网络安全管理★,本科,计算机类、电子信息类、网络安全与执法专业,1,9
150152,池州,石台县公安局,金融财会★,本科,经济学类、金融学类、经济与贸易类、会计学专业、财务管理专业、审计学专业,2,28
150153,池州,石台县公安局,人民警察,本科,中国语言文学类、新闻传播学类,1,16
150154,池州,石台县公安局,人民警察,专科,不限,1,22
150155,池州,青阳县公安局,网络安全管理★,本科,计算机类,2,13
150156,池州,青阳县公安局,信息通信★,本科,电子信息类,2,31
150157,池州,青阳县公安局,人民警察,本科,公安学类,1,10
150158,池州,青阳县公安局,人民警察,本科,公安学类,2,9
150159,池州,青阳县公安局,人民警察,专科,不限,1,7
150160,池州,贵池区乡镇机关,综合管理,高中（中专）,不限,2,0
150161,池州,东至县乡镇机关,综合管理,高中（中专）,不限,2,0
150162,池州,石台县乡镇机关,综合管理,高中（中专）,不限,1,0
150163,池州,青阳县乡镇机关,综合管理,高中（中专）,不限,1,0
080001,滁州,滁州市公安局,物证检验及鉴定1★,本科,计算机科学与技术专业、网络工程专业、电子与计算机工程专业,2,47
080002,滁州,滁州市公安局,物证检验及鉴定2★,本科,刑事科学技术专业、网络安全与执法专业、公安视听技术专业、数据警务技术专业,1,4
080003,滁州,滁州市公安局,人民警察,本科,经济学类、金融学类,2,83
080004,滁州,来安县公安局,网络安全管理★,本科,计算机科学与技术专业、网络工程专业、信息安全专业,1,23
080005,滁州,来安县公安局,人民警察1,本科,法学类、交通管理工程专业,3,44
080006,滁州,来安县公安局,人民警察2,专科,专科：刑事侦查专业、治安管理专业、道路交通管理专业、警务指挥与战术专业、特警专业、刑事科学技术专业、网络安全与执法专业；本科：侦查学专业、治安学专业、公安管理学专业、警务指挥与战术专业、交通管理工程专业、刑事科学技术专业、网络安全与执法专业；研究生：公安学（一级学科）、公安技术（一级学科）,2,14
080007,滁州,来安县公安局,人民警察3,本科,中国语言文学类,1,9
080008,滁州,来安县公安局,人民警察4,本科,会计学专业、审计学专业、财务管理专业,1,32
080009,滁州,来安县公安局,人民警察5,专科,不限,2,167
080010,滁州,来安县公安局,人民警察6,本科,不限,1,0
080011,滁州,全椒县公安局,网络安全管理★,本科,计算机类,2,39
080012,滁州,全椒县公安局,法医★,本科,法医学类,1,9
080013,滁州,全椒县公安局,人民警察1,本科,法学类,2,5
080014,滁州,全椒县公安局,人民警察2,本科,机械类,1,13
080015,滁州,全椒县公安局,人民警察3,本科,不限,1,1
080016,滁州,定远县公安局,人民警察1,本科,金融学类,1,18
080017,滁州,定远县公安局,人民警察2,本科,化学类,1,12
080018,滁州,定远县公安局,人民警察3,本科,公安学类、法学类,2,15
080019,滁州,定远县公安局,人民警察4,本科,中国语言文学类,1,6
080020,滁州,定远县公安局,人民警察5,本科,不限,2,90
080021,滁州,定远县公安局,人民警察6,本科,不限,1,11
080022,滁州,凤阳县公安局,网络安全管理★,本科,计算机类、电子信息类,3,74
080023,滁州,凤阳县公安局,人民警察1,本科,公安学类、法学类,4,43
080024,滁州,凤阳县公安局,人民警察2,本科,中国语言文学类、新闻传播学类,2,26
080025,滁州,凤阳县公安局,人民警察3,本科,经济学类、工商管理类,1,36
080026,滁州,天长市公安局,网络安全管理★,本科,计算机类,2,44
080027,滁州,天长市公安局,人民警察,本科,公安学类、法学类,2,7
080028,滁州,明光市公安局,人民警察1,本科,公安学类、法学类,6,21
080029,滁州,明光市公安局,人民警察2,本科,不限,3,15
080030,滁州,滁州市司法局,综合文字,本科,中国语言文学类、新闻传播学类,1,111
080031,滁州,滁州市发展和改革委员会,项目管理,研究生,岩土工程（二级学科）、化学工程（二级学科）、化学工艺（二级学科）,2,69
080032,滁州,滁州市自然资源和规划局南谯分局,自然资源管理,本科,土地资源管理专业、地理信息科学专业、地理国情监测专业、地理空间信息工程专业,1,82
080033,滁州,滁州市琅琊区生态环境分局,环境保护,本科,法学类,1,43
080034,滁州,中新苏滁高新技术产业开发区管理委员会,规划管理,本科,城乡规划专业、建筑学专业、风景园林专业,1,81
080035,滁州,滁州市地震局,震灾防治,本科,地球物理学类、地理科学类、土木工程专业,1,91
080036,滁州,琅琊区司法局,行政复议,本科,法学类,2,12
080037,滁州,琅琊区司法局,司法助理员,本科,法学类,1,20
080038,滁州,琅琊区残疾人联合会,服务保障,本科,不限,1,21
080039,滁州,琅琊区机关事务管理服务中心,机关事务管理,本科,机械类、电气类,1,128
080040,滁州,南谯区司法局,行政复议,本科,法学类,1,4
080041,滁州,南谯区司法局,司法助理员,本科,法学类,3,20
080042,滁州,来安县纪委监委派驻机构,监督执纪1,本科,法学类,3,33
080043,滁州,来安县纪委监委派驻机构,监督执纪2,本科,财务管理专业、会计学专业、审计学专业,2,100
080044,滁州,来安县纪委监委派驻机构,监督执纪3,本科,不限,1,3
080045,滁州,来安县委统战部,办公室综合,本科,不限,1,12
080046,滁州,来安县教育体育局,机关综合,本科,不限,1,6
080047,滁州,来安县财政局,财政管理,本科,财政学类、会计学专业、财务管理专业、金融学专业,3,301
080048,滁州,来安县文化和旅游局,机关综合,本科,不限,1,10
080049,滁州,来安县卫生健康委员会,医政医管,本科,临床医学专业、预防医学专业、食品卫生与营养学专业、中西医临床医学专业,1,30
080050,滁州,来安县市场监督管理局,基层市场执法,本科,化工与制药类、药学类、生物工程类,2,73
080051,滁州,来安县司法局,行政复议,本科,法学类,2,6
080052,滁州,来安县司法局,司法助理员,本科,法学专业、司法警察学专业、社区矫正专业,3,19
080053,滁州,来安县供销合作社联合社,供销业务,本科,经济学类、金融学类、经济与贸易类,1,100
080054,滁州,来安县乡镇,经济管理,本科,经济学类、金融学类、经济与贸易类,1,40
080055,滁州,来安县乡镇,综合文字,本科,中国语言文学类、新闻传播学类,1,31
080056,滁州,来安县乡镇,社会事务管理1,本科,不限,1,18
080057,滁州,来安县乡镇,社会事务管理2,专科,不限,1,214
080058,滁州,来安县乡镇,镇村建设管理1,本科,建筑类、土木类、水利类、农业工程类,1,9
080059,滁州,来安县乡镇,镇村建设管理2,本科,建筑类、土木类、植物生产类,2,23
080060,滁州,全椒县纪委监委,纪检监察,本科,法学类、审计学专业、财务管理专业,2,68
080061,滁州,全椒县委机构编制委员会办公室,信息管理,本科,计算机类、法学专业,1,97
080062,滁州,全椒县民政局,民政事务管理,本科,社会学类、健康服务与管理专业、养老服务管理专业,1,48
080063,滁州,全椒县司法局,司法助理员1,本科,法学类,3,21
080064,滁州,全椒县司法局,司法助理员2,本科,法学类,2,15
080065,滁州,全椒县司法局,司法行政,本科,不限,1,7
080066,滁州,全椒县财政局,财政管理,本科,财政学类、金融学类、会计学专业、财务管理专业、审计学专业,2,139
080067,滁州,全椒县财政局,项目审核,本科,工程造价专业、工程审计专业、土木工程专业、给排水科学与工程专业、道路桥梁与渡河工程专业、水利水电工程专业、交通工程专业,1,59
080068,滁州,全椒县住房和城乡建设局,城建工程管理,本科,土木类,2,77
080069,滁州,全椒县交通运输局,交通工程管理,本科,交通运输专业、交通工程专业、道路桥梁与渡河工程专业,1,39
080070,滁州,全椒县农业农村局,机关综合,本科,不限,1,4
080071,滁州,全椒县农业农村局,三农服务,本科,植物生产类、动物生产类、自然保护与环境生态类,1,37
080072,滁州,全椒县市场监督管理局,基层市场执法1,本科,食品科学与工程类、药学类,1,23
080073,滁州,全椒县市场监督管理局,基层市场执法2,本科,食品科学与工程类、化工与制药类、药学类,1,41
080074,滁州,全椒县市场监督管理局,基层市场执法3,本科,机械类、法学类,1,48
080075,滁州,全椒县统计局,统计,本科,统计学类、会计学专业、财务管理专业,1,92
080076,滁州,全椒县乡镇,镇村建设管理1,本科,不限,5,5
080077,滁州,全椒县乡镇,镇村建设管理2,专科,不限,4,512
080078,滁州,全椒县乡镇,镇村建设管理3,本科,土木类、建筑类,1,29
080079,滁州,全椒县乡镇,农业经济管理,本科,农业经济管理类、水产类,2,9
080080,滁州,全椒县乡镇,农业管理,本科,植物生产类、林学类,1,17
080081,滁州,全椒县乡镇,农业工程管理,本科,农业工程类、土木类,2,14
080082,滁州,全椒县乡镇,项目建设管理,本科,管理科学与工程类,1,26
080083,滁州,全椒县乡镇,生态环境保护,本科,环境科学与工程类,1,21
080084,滁州,全椒县乡镇,水利建设管理,本科,水利类、环境科学与工程类,2,44
080085,滁州,定远县委机构编制委员会办公室,编制管理,本科,信息管理与信息系统专业、信息资源管理专业、统计学专业,1,44
080086,滁州,定远县教育体育局,教育管理,本科,公共事业管理专业、行政管理专业、人力资源管理专业,1,40
080087,滁州,定远县教育体育局,机关综合,本科,不限,1,16
080088,滁州,定远县自然资源和规划局,自然资源管理,本科,地质工程专业、土地资源管理专业、人文地理与城乡规划专业,1,34
080089,滁州,定远县交通运输局,交通工程管理,本科,交通工程专业、道路桥梁与渡河工程专业、工程管理专业,1,43
080090,滁州,定远县交通运输局,财务管理,本科,财务管理专业、财政学专业、会计学专业、审计学专业,1,51
080091,滁州,定远县农业农村局,农业工程管理,本科,农业工程类,1,8
080092,滁州,定远县文化和旅游局,旅游管理,本科,旅游管理类、公共管理类,1,59
080093,滁州,定远县应急管理局,安全监管,本科,化工与制药类、化学类,1,31
080094,滁州,定远县市场监督管理局,基层市场执法1,本科,食品科学与工程类、药学类、机械类、法学类,3,83
080095,滁州,定远县市场监督管理局,基层市场执法2,本科,不限,1,5
080096,滁州,定远县统计局,统计,本科,统计学类、经济学类、经济与贸易类,1,47
080097,滁州,定远县乡村振兴局,农业经济管理,本科,农业经济管理类、金融学专业,1,19
080098,滁州,定远县乡镇,三农服务1,专科,不限,5,301
080099,滁州,定远县乡镇,三农服务2,本科,不限,4,161
080100,滁州,定远县乡镇,社会事务管理1,本科,不限,3,128
080101,滁州,定远县乡镇,社会事务管理2,专科,不限,4,258
080102,滁州,定远县乡镇,组织人事管理,本科,不限,6,40
080103,滁州,定远县乡镇,农业经济管理,本科,农业经济管理类、农业工程类、植物生产类,3,13
080104,滁州,定远县乡镇,文化旅游管理,本科,旅游管理类、地理科学类,2,36
080105,滁州,定远县乡镇,镇村建设管理1,本科,经济学类、环境科学与工程类,2,30
080106,滁州,定远县乡镇,镇村建设管理2,本科,水利类、安全科学与工程类,2,19
080107,滁州,定远县乡镇,镇村建设管理3,本科,工业工程类、电子商务类、物流管理与工程类,4,83
080108,滁州,定远县乡镇,人武专干,专科,人民武装专业（退役军人报考可不限专业）,1,35
080109,滁州,凤阳县委办公室,综合文字,本科,中国语言文学类、法学类、历史学类,1,21
080110,滁州,凤阳县纪委监委,监督执纪1,本科,计算机科学与技术专业、网络工程专业、信息安全专业、电子与计算机工程专业,1,35
080111,滁州,凤阳县纪委监委,监督执纪2,本科,法学类,1,12
080112,滁州,凤阳县纪委监委,监督执纪3,本科,法学类,2,25
080113,滁州,凤阳县纪委监委,监督执纪4,本科,审计学专业、财务管理专业、会计学专业,2,34
080114,滁州,凤阳县司法局,司法助理员,本科,法学类,3,14
080115,滁州,凤阳县人民政府办公室,综合文字,本科,中国语言文学类、经济学类,1,28
080116,滁州,凤阳县财政局,财政管理,本科,财政学类,1,22
080117,滁州,凤阳县财政局,金融管理,本科,金融学类,2,63
080118,滁州,凤阳县经济和信息化局,信息化建设,本科,电子信息类,1,75
080119,滁州,凤阳县经济和信息化局,产业管理,本科,材料类,1,55
080120,滁州,凤阳县教育体育局,工程管理,本科,工程管理专业、工程造价专业、工程审计专业、土木工程专业,2,62
080121,滁州,凤阳县交通运输局,政策法规,本科,法学类,1,7
080122,滁州,凤阳县交通运输局,财务管理,本科,会计学专业、财务管理专业、审计学专业,1,26
080123,滁州,凤阳县农业农村局,三农服务,本科,植物生产类、动物生产类、农业工程类,2,38
080124,滁州,凤阳县文化和旅游局,旅游管理,本科,旅游管理类,1,49
080125,滁州,凤阳县文化和旅游局,财务管理,本科,会计学专业、财务管理专业、审计学专业,1,16
080126,滁州,凤阳县文化和旅游局,项目管理,本科,土木类,1,40
080127,滁州,凤阳县卫生健康委员会,卫生健康管理1,本科,公共卫生与预防医学类,1,14
080128,滁州,凤阳县卫生健康委员会,卫生健康管理2,本科,公共管理类,1,40
080129,滁州,凤阳县市场监督管理局,基层市场执法1,本科,法学类,2,9
080130,滁州,凤阳县市场监督管理局,基层市场执法2,本科,食品科学与工程类、药学类、化工与制药类,4,87
080131,滁州,凤阳县市场监督管理局,基层市场执法3,本科,机械类,2,41
080132,滁州,凤阳县统计局,统计,本科,统计学类、经济学类,1,32
080133,滁州,凤阳县医疗保障局,办公室综合,本科,不限,1,94
080134,滁州,凤阳县投资促进局,招商引资,本科,经济学类、统计学类,1,33
080135,滁州,凤阳县投资促进局,项目推进,本科,金融学类,1,26
080136,滁州,安徽凤阳经济开发区管理委员会,项目管理,本科,建筑类,2,37
080137,滁州,凤阳县乡镇（街道）,社会事务管理1,本科,不限,6,50
080138,滁州,凤阳县乡镇,社会事务管理2,本科,不限,6,42
080139,滁州,凤阳县乡镇,办公室综合,专科,不限,5,422
080140,滁州,凤阳县乡镇,镇村建设管理,本科,建筑类、土木类、农业工程类、农业经济管理类、植物生产类,5,44
080141,滁州,凤阳县乡镇,人武专干,专科,人民武装专业（退役军人报考可不限专业）,1,33
080142,滁州,天长市纪委监委派驻机构,监督执纪,本科,法学类,1,36
080143,滁州,天长市教育体育局,信息化管理,本科,计算机类,1,73
080144,滁州,天长市财政局,财政管理,本科,经济学类、财政学类、会计学专业、财务管理专业,4,216
080145,滁州,天长市人力资源和社会保障局,社保基金监管,本科,会计学专业、审计学专业、财务管理专业、财政学专业,1,37
080146,滁州,天长市人力资源和社会保障局,机关综合,本科,中国语言文学类、劳动与社会保障专业、信息管理与信息系统专业,1,54
080147,滁州,天长市发展和改革委员会,经济运行监测,本科,经济学专业、国民经济管理专业、经济统计学专业,1,26
080148,滁州,天长市发展和改革委员会,项目管理,本科,铁道工程专业、给排水科学与工程专业、道路桥梁与渡河工程专业,1,22
080149,滁州,天长市发展和改革委员会,节能监测,本科,材料成型及控制工程专业、机械工艺技术专业、微机电系统工程专业,1,43
080150,滁州,天长市经济和信息化局,金融服务,本科,金融学类,1,49
080151,滁州,天长市经济和信息化局,信息化管理,本科,自动化类、计算机类,1,101
080152,滁州,天长市经济和信息化局,机关综合,本科,不限,1,5
080153,滁州,天长市自然资源和规划局,建设规划,本科,建筑学专业、城乡规划专业、风景园林专业、城市设计专业,1,30
080154,滁州,天长市自然资源和规划局,综合文字,本科,中国语言文学类、新闻传播学类,1,52
080155,滁州,天长市住房和城乡建设局,城乡建设,本科,土木工程专业、建筑环境与能源应用工程专业、给排水科学与工程专业,1,30
080156,滁州,天长市文化和旅游局,文旅管理,本科,公共管理类、旅游管理类、图书情报与档案管理类、工商管理类,1,102
080157,滁州,天长市文化和旅游局,综合文字,本科,中国语言文学类、新闻传播学类,1,64
080158,滁州,天长市应急管理局,防汛抗旱,本科,水利类、农业水利工程专业,1,14
080159,滁州,天长市应急管理局,安全监管,本科,化学工程与工艺专业、化工安全工程专业、精细化工专业,1,45
080160,滁州,天长市审计局,审计审查,本科,审计学专业、财务管理专业、法学专业,1,93
080161,滁州,天长市市场监督管理局,基层市场执法1,本科,不限,1,3
080162,滁州,天长市市场监督管理局,基层市场执法2,本科,知识产权专业、食品科学与工程专业、药学专业,3,37
080163,滁州,天长市市场监督管理局,基层市场执法3,本科,计算机类、电子信息类、电气类,1,136
080164,滁州,天长市市场监督管理局,基层市场执法4,本科,材料类、化工与制药类,1,66
080165,滁州,天长市统计局,统计,本科,统计学类、经济统计学专业、计算机科学与技术专业,1,85
080166,滁州,天长市交通运输局,交通工程管理,本科,土木类、交通工程专业,2,57
080167,滁州,天长市交通运输局,机关综合,本科,不限,1,4
080168,滁州,安徽滁州高新技术产业开发区管理委员会,园区建设管理,本科,土木类,1,42
080169,滁州,天长市残疾人联合会,服务保障,本科,不限,1,14
080170,滁州,天长市街道,社会事务管理,本科,不限,2,5
080171,滁州,天长市街道,综合治理,专科,不限,1,245
080172,滁州,天长市街道,街道建设管理1,本科,土木类、建筑类,1,19
080173,滁州,天长市街道,街道建设管理2,本科,土木类、建筑类,1,28
080174,滁州,天长市乡镇,社会事务管理1,本科,不限,5,19
080175,滁州,天长市乡镇,社会事务管理2,专科,不限,5,835
080176,滁州,天长市乡镇,镇村建设管理1,本科,土木类、建筑类、地理科学类,4,60
080177,滁州,天长市乡镇,镇村建设管理2,本科,水利类、环境科学与工程类、农业工程类,1,15
080178,滁州,天长市乡镇,镇村建设管理3,本科,水利类、农业工程类,2,23
080179,滁州,天长市乡镇,综合文字,本科,中国语言文学类,1,29
080180,滁州,天长市乡镇,组织人事管理,本科,社会学类、马克思主义理论类,1,17
080181,滁州,天长市乡镇,人武专干,专科,不限,1,18
080182,滁州,明光市委巡察工作领导小组办公室,巡察督察,本科,法学类、经济学类,1,24
080183,滁州,明光市民政局,资金核算,本科,会计学专业、财务管理专业、审计学专业,1,32
080184,滁州,明光市农业农村局,三农服务,本科,植物生产类、动物生产类、农业工程类,1,17
080185,滁州,明光市司法局,司法助理员,本科,法学类,2,18
080186,滁州,明光市街道,城市管理,本科,建筑类、工商管理类,2,86
080187,滁州,明光市街道,社区管理,专科,不限,1,157
080188,滁州,明光市乡镇,农业管理,本科,农学门类、农业工程类,2,21
080189,滁州,明光市乡镇,经济发展服务,专科,不限,2,176
080190,滁州,明光市乡镇,镇村建设管理,本科,不限,2,10
080191,滁州,明光市乡镇,社会事务管理,本科,不限,2,154
080192,滁州,滁州市中级人民法院,法官助理,本科,法学类（不含特设专业）,5,46
080193,滁州,滁州市琅琊区人民法院,法官助理1,本科,法学类（不含特设专业）,2,5
080194,滁州,滁州市琅琊区人民法院,法官助理2,本科,法学类（不含特设专业）,3,17
080195,滁州,滁州市琅琊区人民法院,司法行政人员,本科,图书情报与档案管理类,1,31
080196,滁州,滁州市琅琊区人民法院,司法警察,本科,不限,1,8
080197,滁州,来安县人民法院,法官助理,本科,法学类,3,9
080198,滁州,全椒县人民法院,法官助理,本科,法学类（不含特设专业）,1,2
080199,滁州,定远县人民法院,法官助理,本科,法学类（不含特设专业）,4,6
080200,滁州,定远县人民法院,司法行政人员,本科,中国语言文学类,1,34
080201,滁州,凤阳县人民法院,司法行政人员,本科,会计学专业、财务管理专业、审计学专业,1,18
080202,滁州,凤阳县人民法院,司法警察1,本科,公安学类、法学类,1,11
080203,滁州,凤阳县人民法院,司法警察2,本科,不限,1,10
080204,滁州,天长市人民法院,法官助理,本科,法学类（不含特设专业）,2,25
080205,滁州,天长市人民法院,司法行政人员,本科,会计学专业、财务管理专业、审计学专业,1,71
080206,滁州,明光市人民法院,法官助理1,本科,法学类,2,2
080207,滁州,明光市人民法院,法官助理2,本科,法学类,2,0
080208,滁州,明光市人民法院,司法行政人员,本科,不限,1,16
080209,滁州,滁州市人民检察院,检察官助理1,本科,法学类(不含特设专业),1,5
080210,滁州,滁州市人民检察院,检察官助理2,本科,法学类(不含特设专业),2,27
080211,滁州,滁州市人民检察院,司法行政人员,本科,中国语言文学类、新闻传播学类、法学类,1,107
080212,滁州,滁州市琅琊区人民检察院,检察官助理,本科,法学类(不含特设专业),1,4
080213,滁州,滁州市南谯区人民检察院,检察官助理,本科,法学类(不含特设专业),1,6
080214,滁州,来安县人民检察院,检察官助理,本科,法学类(不含特设专业),3,12
080215,滁州,来安县人民检察院,司法行政人员,本科,会计学专业、财务管理专业、审计学专业,1,47
080216,滁州,全椒县人民检察院,司法行政人员1,本科,会计学专业、财务管理专业、审计学专业,1,41
080217,滁州,全椒县人民检察院,司法行政人员2,本科,中国语言文学类、新闻传播学类,1,61
080218,滁州,全椒县人民检察院,司法行政人员3,本科,计算机类,1,46
080219,滁州,定远县人民检察院,检察官助理,本科,法学类(不含特设专业),1,2
080220,滁州,定远县人民检察院,司法行政人员,本科,不限,1,14
080221,滁州,凤阳县人民检察院,检察官助理,本科,法学类(不含特设专业),1,3
080222,滁州,明光市人民检察院,检察官助理1,本科,法学类(不含特设专业),1,2
080223,滁州,明光市人民检察院,检察官助理2,本科,法学类(不含特设专业),1,0
080224,滁州,明光市人民检察院,司法行政人员,本科,不限,1,21
080225,滁州,滁州市公安局,狙击,高中,不限,1,24
080226,滁州,滁州市公安局,突击,高中,不限,1,41
080227,滁州,来安县乡镇,镇村事务管理,高中（中专）,不限,1,0
080228,滁州,全椒县乡镇,镇村事务管理,高中（中专）,不限,1,0
080229,滁州,凤阳县乡镇,镇村事务管理,高中（中专）,不限,3,0
080230,滁州,天长市乡镇,镇村事务管理,高中（中专）,不限,2,0
080231,滁州,明光市乡镇,镇村事务管理,高中（中专）,不限,1,0
060001,阜阳,阜阳市工商业联合会,综合文字,本科,不限,1,357
060002,阜阳,阜阳市财政局,财政管理,本科,经济学类、财政学类、金融学类、工商管理类,1,181
060003,阜阳,阜阳市审计局,审计,本科,财务管理专业、财政学专业、会计学专业,1,85
060004,阜阳,阜阳市地方金融监督管理局,金融法务,本科,金融学类、法学类,1,127
060005,阜阳,阜阳市商务局,商务管理,本科,经济学专业、商务经济学专业、国际经贸规则专业,1,29
060006,阜阳,阜阳市农业农村局,综合文字,本科,农学门类、中国语言文学类,1,77
060007,阜阳,阜阳市生态环境局界首市生态环境分局,生态环境管理,本科,化学类、环境科学与工程类,1,82
060008,阜阳,阜阳市生态环境局颍上县生态环境分局,生态环境管理,本科,法学类,1,5
060009,阜阳,阜阳市交通运输局,交通运输统计,本科,统计学类,1,23
060010,阜阳,阜阳市供销合作社联合社,经济管理,本科,经济学类,1,65
060011,阜阳,阜阳市财政局市预算评审中心,财政管理,本科,经济学类、财政学类、金融学类、工商管理类,1,131
060012,阜阳,阜阳市财政局市财政国库支付中心,财政管理,本科,经济学类、财政学类、金融学类、工商管理类,1,110
060013,阜阳,阜阳市人力资源和社会保障局市劳动人事争议仲裁院,仲裁审查,本科,法学类,1,18
060014,阜阳,阜阳市水利局市治淮工程建设管理中心,水利建设,本科,水利水电工程专业、水文与水资源工程专业、土木工程专业,1,78
060015,阜阳,阜阳市医疗保障局市医疗保障基金管理中心,数据分析,本科,统计学类、汉语言文学专业、汉语言专业、秘书学专业,1,64
060016,阜阳,颍州区司法局,司法助理,本科,法学类,1,9
060017,阜阳,颍州区司法局,行政管理,本科,中国语言文学类,1,43
060018,阜阳,颍州区街道,街道管理,本科,经济学类、电子商务类、公共管理类、汉语言文学专业、汉语言专业,3,154
060019,阜阳,颍州区街道,街道管理,本科,不限,2,37
060020,阜阳,颍州区乡镇,乡镇管理,专科,不限,2,314
060021,阜阳,颍州区乡镇,乡镇管理,本科,艺术学门类、中国语言文学类、新闻学专业、工商管理专业,2,103
060022,阜阳,颍泉区司法局,司法行政,本科,法学类,1,5
060023,阜阳,颍泉区司法局,司法行政,本科,法学类,1,24
060024,阜阳,颍泉区中市街道办事处,街道管理,专科,不限,2,367
060025,阜阳,颍泉区中市街道办事处,街道管理,本科,不限,2,23
060026,阜阳,颍泉区周棚街道办事处,街道管理,本科,法学类、新闻传播学类、中国语言文学类,3,81
060027,阜阳,颍泉区乡镇,乡镇管理,本科,不限,3,131
060028,阜阳,颍东区司法局,司法行政,本科,法学类,1,20
060029,阜阳,颍东区司法局,司法行政,本科,法学类,1,7
060030,阜阳,颍东区委组织部区综合考核指导中心,综合文字,本科,公共管理类、新闻传播学类、中国语言文学类,1,33
060031,阜阳,颍东区文学艺术界联合会,文艺宣传,本科,中国语言文学类、新闻传播学类,1,41
060032,阜阳,颍东区委党史和地方志研究室,党史编纂,本科,汉语言文学专业、汉语言专业、历史学专业、公共事业管理专业、行政管理专业,1,35
060033,阜阳,颍东区供销合作社联合社,物流管理,本科,物流管理与工程类、经济与贸易类,1,92
060034,阜阳,颍东区街道,街道管理,本科,不限,2,304
060035,阜阳,颍东区乡镇,乡镇管理,专科,不限,4,265
060036,阜阳,颍东区乡镇,乡镇管理,专科,不限,4,55
060037,阜阳,颍东区乡镇,乡镇管理,本科,不限,2,85
060038,阜阳,颍东区乡镇,乡镇管理,本科,不限,4,293
060039,阜阳,界首市纪委监委派驻机构,监督监察,本科,法学门类、管理学门类、中国语言文学类、新闻传播学类、计算机类、电子信息类,1,58
060040,阜阳,界首市纪委监委派驻机构,监督监察,本科,法学门类、管理学门类、中国语言文学类、新闻传播学类、计算机类、电子信息类,1,78
060041,阜阳,界首市纪委监委派驻机构,监督监察,本科,法学门类、管理学门类、中国语言文学类、新闻传播学类、计算机类、电子信息类,1,77
060042,阜阳,界首市纪委监委派驻机构,监督监察,本科,计算机科学与技术专业、网络工程专业、信息安全专业,1,50
060043,阜阳,界首市纪委监委派驻机构,监督监察,本科,不限,1,24
060044,阜阳,界首市委宣传部,理论宣传,本科,艺术学门类、哲学类、政治学类、中国语言文学类、新闻传播学类、历史学类、心理学类、公共管理类,1,53
060045,阜阳,界首市市场监督管理局陶庙市场监督管理所,市场监管,本科,不限,1,23
060046,阜阳,界首市市场监督管理局新马集市场监督管理所,市场监管,本科,食品科学与工程类、药学类,1,16
060047,阜阳,界首市乡镇,乡镇事务管理,本科,不限,4,169
060048,阜阳,界首市乡镇,乡镇事务管理,本科,不限,2,8
060049,阜阳,界首市乡镇,乡镇事务管理,本科,工学门类、理学门类,4,79
060050,阜阳,界首市乡镇,乡镇事务管理,专科,不限,3,276
060051,阜阳,界首市大黄镇,人武专干,专科,人民武装专业（退役军人报考可不限专业）,1,35
060052,阜阳,太和县供销合作社联合社,财务规划,本科,财务管理专业、会计学专业、审计学专业,1,30
060053,阜阳,太和县供销合作社联合社,综合文字,本科,中国语言文学类、新闻传播学类,1,23
060054,阜阳,太和县机关事务管理中心,综合文字,本科,不限,2,31
060055,阜阳,太和县乡镇,乡镇管理,专科,不限,3,41
060056,阜阳,太和县乡镇,乡镇管理,本科,不限,3,195
060057,阜阳,太和县乡镇,乡镇管理,专科,不限,3,342
060058,阜阳,太和县倪邱镇,人武专干,专科,人民武装专业（退役军人报考可不限专业）,1,62
060059,阜阳,太和县乡镇,乡镇管理,本科,不限,4,147
060060,阜阳,临泉县纪委监委,纪检监察,本科,计算机类、汉语言文学专业、法学专业、财务管理专业、会计学专业,2,71
060061,阜阳,临泉县委办公室,信息化建设,本科,计算机类,1,34
060062,阜阳,临泉县委办公室,行政管理,本科,中国语言文学类,1,20
060063,阜阳,临泉县委组织部,财务管理,本科,财务管理专业、财务会计教育专业、会计学专业,1,28
060064,阜阳,临泉县教育局,信息管理,本科,计算机类,1,49
060065,阜阳,临泉县教育局,教育管理,本科,教育学类、汉语言文学专业、人力资源管理专业,1,80
060066,阜阳,临泉县财政局,金融管理,本科,金融学类、经济与贸易类,1,51
060067,阜阳,临泉县财政局,财政管理,本科,财务管理专业、财政学专业、会计学专业,1,26
060068,阜阳,临泉县农业农村局,农业管理,本科,农学专业、植物保护专业、农业资源与环境专业、种子科学与工程专业,1,28
060069,阜阳,临泉县商务局,电子商务监管,本科,电子商务类、经济与贸易类、电子信息类、法学专业,1,60
060070,阜阳,临泉县商务局,经贸管理,本科,财务管理专业、会计学专业、财务会计教育专业,1,26
060071,阜阳,临泉县卫生健康委员会,卫生医疗监管,本科,预防医学专业、卫生监督专业、健康服务与管理专业、公共事业管理专业,2,45
060072,阜阳,临泉县卫生健康委员会,综合文字,本科,中国语言文学类,1,25
060073,阜阳,临泉县卫生健康委员会,卫生医疗监管,本科,不限,1,25
060074,阜阳,临泉县应急管理局,应急管理,本科,化学工程与工艺专业、化学工程与工业生物工程专业、化工安全工程专业,1,36
060075,阜阳,临泉县市场监督管理局,市场监管,本科,法学类,3,47
060076,阜阳,临泉县市场监督管理局,市场监管,本科,食品科学与工程专业、食品质量与安全专业、食品安全与检测专业,4,54
060077,阜阳,临泉县市场监督管理局,市场监管,本科,财务管理专业、会计学专业、审计学专业,2,39
060078,阜阳,临泉县市场监督管理局,市场监管,本科,中国语言文学类、新闻学专业,2,69
060079,阜阳,临泉县市场监督管理局,市场监管,本科,药学类、中药学类,3,54
060080,阜阳,临泉县市场监督管理局,市场监管,本科,机械类、药学类、中药学类、中国语言文学类、质量管理工程专业,5,93
060081,阜阳,临泉县市场监督管理局,市场监管,本科,金融学类、经济与贸易类、电子信息类、法学类、计算机类,4,129
060082,阜阳,临泉县市场监督管理局,市场监管,专科,不限,5,76
060083,阜阳,临泉县司法局,司法行政,本科,法学类,3,39
060084,阜阳,临泉县司法局,行政管理,本科,中国语言文学类、新闻传播学类,1,24
060085,阜阳,临泉县档案馆,档案管理,本科,软件工程专业、信息安全专业、网络工程专业、网络空间安全专业,1,17
060086,阜阳,临泉县机关事务管理服务中心,后勤保障,本科,不限,1,8
060087,阜阳,临泉县委党史和地方志研究室,党史编纂,本科,中国共产党历史专业、历史学专业、中国语言与文化专业,1,17
060088,阜阳,临泉县发改委县粮食发展事务中心,行政管理,本科,不限,1,17
060089,阜阳,临泉县应急管理局县应急救援指挥中心,应急管理,本科,抢险救援指挥与技术专业、消防工程专业、应急技术与管理专业、应急管理专业、安全防范工程专业、安全工程专业,1,18
060090,阜阳,临泉县街道,街道管理,专科,不限,2,294
060091,阜阳,临泉县街道,街道管理,本科,经济学类、金融学类、水利类、电子信息类、管理科学与工程类、建筑类、交通运输专业、交通工程专业、土地资源管理专业、土木工程专业、道路桥梁与渡河工程专业，土木、水利与交通工程专业,5,213
060092,阜阳,临泉县乡镇,乡镇管理,专科,不限,5,124
060093,阜阳,临泉县乡镇,乡镇管理,专科,不限,5,51
060094,阜阳,临泉县乡镇,乡镇管理,专科,不限,5,127
060095,阜阳,临泉县鲖城镇,人武专干,专科,人民武装专业（退役军人报考可不限专业）,1,23
060096,阜阳,临泉县乡镇,乡镇管理,专科,不限,4,197
060097,阜阳,临泉县乡镇,乡镇管理,专科,不限,5,235
060098,阜阳,临泉县庙岔镇,乡镇管理,高中（中专）,不限,1,0
060099,阜阳,阜南县纪委派驻纪检监察组,纪检监察,本科,法学类,2,13
060100,阜阳,阜南县纪委派驻纪检监察组,纪检监察,本科,财务管理专业、会计学专业、审计学专业,1,16
060101,阜阳,阜南县委组织部,组织工作,本科,理学门类、工学门类、经济学类、法学类,1,60
060102,阜阳,阜南县委巡察办公室,巡视巡察,本科,财务管理专业、会计学专业、审计学专业、统计学专业,1,17
060103,阜阳,阜南县委巡察办公室,巡视巡察,本科,不限,1,10
060104,阜阳,阜南县教育局,教育管理,本科,教育学类、心理学类、计算机类、电子信息类、马克思主义理论类,1,68
060105,阜阳,阜南县财政局,财政管理,本科,经济学门类,1,46
060106,阜阳,阜南县人力资源和社会保障局,行政管理,本科,计算机类、电子信息类、工商管理类、公共管理类,1,80
060107,阜阳,阜南县商务局,经贸管理,本科,理学门类、工学门类、工商管理类、金融学类,1,76
060108,阜阳,阜南县卫生健康委员会,卫生医疗监管,本科,基础医学类、公共卫生与预防医学类、药学类、医学技术类、护理学类、工商管理类,1,86
060109,阜阳,阜南县退役军人事务局,行政管理,本科,法学类、中国语言文学类,1,22
060110,阜阳,阜南县审计局,法规审理,本科,法学专业、会计学专业、审计学专业、统计学专业,1,48
060111,阜阳,阜南县市场监督管理局,市场监管,本科,法学类,1,8
060112,阜阳,阜南县市场监督管理局,市场监管,本科,食品科学与工程类、电子信息类、计算机类,2,115
060113,阜阳,阜南县市场监督管理局,市场监管,本科,不限,1,9
060114,阜阳,阜南县医疗保障局,医疗保障,本科,医疗保险专业、公共事业管理专业、劳动与社会保障专业、人力资源管理专业、药学专业、基础医学专业,1,35
060115,阜阳,阜南县乡村振兴局,乡村振兴,本科,农业经济管理类、金融学类、经济与贸易类、法学类、建筑类,1,32
060116,阜阳,阜南县水利局,水利建设,本科,水利类、管理科学与工程类、机械类、生物科学类,1,74
060117,阜阳,阜南县司法局,司法行政,本科,法学类,2,6
060118,阜阳,阜南县司法局,司法行政,本科,不限,1,13
060119,阜阳,阜南县委党史和地方志研究室,党史编纂,本科,汉语言文学专业、汉语言专业、历史学专业、公共事业管理专业、行政管理专业,1,25
060120,阜阳,阜南县档案馆,档案管理,本科,图书情报与档案管理类、管理科学与工程类、历史学类、信息与计算科学专业,1,48
060121,阜阳,阜南县委组织部县党员电化教育中心,党员电化教育,本科,电子信息类、新闻传播学类、影视摄影与制作专业、数字媒体技术专业,1,29
060122,阜阳,阜南县委讲师团,理论宣讲,本科,马克思主义理论类、哲学专业、历史学专业、汉语言文学专业、社会学专业,1,18
060123,阜阳,阜南县供销合作社联合社,行政管理,本科,经济学类、财务管理专业、会计学专业、审计学专业,1,23
060124,阜阳,阜南县住房和城乡建设局县房屋管理服务中心,项目管理,本科,安全科学与工程类、土木类、矿业类,1,50
060125,阜阳,阜南县财政局县国库集中支付中心,财政管理,本科,财政学类、金融学类、经济与贸易类,1,25
060126,阜阳,阜南县医疗保障局县医疗保障基金管理中心,医疗保障,本科,医疗保险专业、公共事业管理专业、行政管理专业、劳动与社会保障专业、药学专业、临床药学专业、基础医学专业、保险学专业,1,29
060127,阜阳,阜南县医疗保障局县医疗保障基金管理中心,财务管理,本科,经济学类、金融学类、经济与贸易类、会计学专业、财务管理专业,1,42
060128,阜阳,阜南县鹿城镇,乡镇管理,本科,金融学类、经济学类、经济与贸易类、统计学类,2,59
060129,阜阳,阜南县鹿城镇,乡镇管理,本科,工学门类、理学门类,3,83
060130,阜阳,阜南县乡镇,乡镇管理,本科,不限,6,37
060131,阜阳,阜南县乡镇,乡镇管理,本科,不限,6,119
060132,阜阳,阜南县乡镇,乡镇管理,本科,不限,5,111
060133,阜阳,阜南县乡镇,乡镇管理,专科,不限,5,70
060134,阜阳,阜南县乡镇,乡镇管理,专科,不限,6,303
060135,阜阳,阜南县乡镇,乡镇管理,专科,不限,7,385
060136,阜阳,阜南县张寨镇,人武专干,专科,人民武装专业（退役军人报考可不限专业）,1,26
060137,阜阳,阜南县洪河桥镇,人武专干,专科,不限,1,12
060138,阜阳,颍上县委组织部,组织工作,本科,理学门类、文学门类、工学门类、管理学门类、经济学门类、农学门类、法学门类,2,85
060139,阜阳,颍上县人民政府办公室,综合文字,本科,经济学类、法学类、中国语言文学类,1,21
060140,阜阳,颍上县发展和改革委员会,产业管理,本科,机械设计制造及其自动化专业、机械电子工程专业、会计学专业,1,39
060141,阜阳,颍上县发展和改革委员会,商务发展,本科,电子商务类,1,41
060142,阜阳,颍上县发展和改革委员会,粮食安全监管,本科,粮食工程专业、食品质量与安全专业、食品安全与检测专业,1,13
060143,阜阳,颍上县财政局,财务管理,本科,财政学类、经济学类、金融学类、工商管理类,1,46
060144,阜阳,颍上县司法局,司法行政,本科,法学类,3,30
060145,阜阳,颍上县司法局,司法行政,本科,法学类,2,18
060146,阜阳,颍上县司法局,财务管理,本科,财务管理专业、会计学专业、审计学专业,1,16
060147,阜阳,颍上县市场监督管理局,市场监管,本科,法学类,1,13
060148,阜阳,颍上县市场监督管理局,市场监管,本科,电子商务专业、行政管理专业、公共事业管理专业、工商管理专业,1,41
060149,阜阳,颍上县市场监督管理局,市场监管,专科,机械类,2,104
060150,阜阳,颍上县市场监督管理局,市场监管,本科,食品科学与工程类,1,14
060151,阜阳,颍上县市场监督管理局,市场监管,本科,医学门类,1,33
060152,阜阳,颍上县市场监督管理局,综合文字,本科,不限,1,10
060153,阜阳,颍上县市场监督管理局,财务管理,本科,财务管理专业、会计学专业、财务会计教育专业、财政学专业,1,19
060154,阜阳,颍上县应急管理局,应急管理,本科,抢险救援指挥与技术专业、消防工程专业、应急技术与管理专业、应急管理专业、化工安全工程专业,1,7
060155,阜阳,颍上县自然资源和规划局,财务管理,本科,财务管理专业、财务会计教育专业、会计学专业、审计学专业,1,13
060156,阜阳,颍上县科学技术协会,财务管理,本科,财务管理专业、会计学专业、审计学专业,1,19
060157,阜阳,颍上县档案馆,档案管理,本科,图书情报与档案管理类、历史学类、中国语言文学类,1,23
060158,阜阳,颍上县档案馆,信息化管理,本科,计算机类、电子信息工程专业,1,42
060159,阜阳,颍上县委编办县事业单位登记管理中心,事业单位登记,本科,理学门类、文学门类、工学门类、管理学门类、经济学门类、农学门类、法学门类,1,92
060160,阜阳,颍上县委宣传部县委讲师组,理论宣传,本科,中国语言文学类、马克思主义理论类,1,14
060161,阜阳,颍上县供销合作社联合社,综合文字,本科,金融学类、中国语言文学类,1,23
060162,阜阳,颍上县住房和城乡建设局县房屋管理事务中心,市政管理,本科,城市管理专业、土木工程专业、给排水科学与工程专业、建筑环境与能源应用工程、城乡规划、城市设计、工程管理、房地产开发与管理、工程造价,2,98
060163,阜阳,颍上县财政局县预算评估中心,财务管理,本科,财政学类、金融学类、会计学专业、财务管理专业,1,38
060164,阜阳,颍上县医疗保障局县医疗保障基金管理中心,财务管理,本科,工商管理类,1,46
060165,阜阳,颍上县医疗保障局县医疗保障基金管理中心,基金管理,本科,金融学类,1,24
060166,阜阳,颍上县医疗保障局县医疗保障基金管理中心,综合文字,本科,不限,1,7
060167,阜阳,颍上县医疗保障局县医疗保障基金管理中心,医保基金稽核,本科,医学门类,1,29
060168,阜阳,颍上县医疗保障局县医疗保障基金管理中心,信息化管理,本科,电子信息类、计算机类,1,46
060169,阜阳,颍上县医疗保障局县医疗保障基金管理中心,涉法事务,本科,法学类,1,10
060170,阜阳,颍上县乡镇,乡镇管理,专科,不限,6,183
060171,阜阳,颍上县乡镇,乡镇管理,专科,不限,6,184
060172,阜阳,颍上县乡镇,乡镇管理,专科,不限,7,200
060173,阜阳,颍上县乡镇,乡镇管理,专科,不限,7,46
060174,阜阳,颍上县乡镇,乡镇管理,专科,不限,7,45
060175,阜阳,颍上县乡镇,乡镇管理,专科,不限,5,117
060176,阜阳,颍上县乡镇,乡镇管理,专科,不限,5,108
060177,阜阳,颍上县乡镇,乡镇管理,专科,不限,5,112
060178,阜阳,颍上县乡镇,乡镇管理,专科,不限,7,246
060179,阜阳,颍上县乡镇,乡镇管理,专科,不限,7,234
060180,阜阳,颍上县江口镇,人武专干,专科,人民武装专业（退役军人报考可不限专业）,1,33
060181,阜阳,颍上县垂岗乡,人武专干,专科,不限,1,10
060182,阜阳,颍上县谢桥镇,乡镇管理,高中（中专）,不限,1,0
060183,阜阳,颍州区人民检察院,检察官助理,本科,法学类（不含特设专业）,1,12
060184,阜阳,颍州区人民检察院,司法行政人员,本科,不限,1,25
060185,阜阳,颍泉区人民检察院,检察官助理,本科,法学类（不含特设专业）,1,6
060186,阜阳,颍泉区人民检察院,司法行政人员,本科,不限,1,26
060187,阜阳,太和县人民检察院,检察官助理,本科,法学类（不含特设专业）,3,22
060188,阜阳,太和县人民检察院,司法行政人员,本科,不限,1,24
060189,阜阳,太和县人民检察院,司法行政人员,本科,财务管理专业、会计学专业、审计学专业,1,30
060190,阜阳,临泉县人民检察院,检察官助理,本科,法学类（不含特设专业）,2,10
060191,阜阳,临泉县人民检察院,检察官助理,本科,法学类（不含特设专业）,2,11
060192,阜阳,临泉县人民检察院,检察官助理,本科,法学类（不含特设专业）,1,9
060193,阜阳,阜南县人民检察院,检察官助理,本科,法学类（不含特设专业）,1,5
060194,阜阳,阜南县人民检察院,检察官助理,本科,法学类（不含特设专业）,1,4
060195,阜阳,阜南县人民检察院,检察官助理,本科,法学类（不含特设专业）,1,3
060196,阜阳,阜南县人民检察院,司法行政人员,本科,中国语言文学类,1,21
060197,阜阳,颍上县人民检察院,检察官助理,本科,法学类（不含特设专业）,2,7
060198,阜阳,颍上县人民检察院,检察官助理,本科,法学类（不含特设专业）,1,1
060199,阜阳,颍上县人民检察院,检察官助理,本科,法学类（不含特设专业）,2,7
060200,阜阳,颍上县人民检察院,司法行政人员,本科,计算机类,1,27
060201,阜阳,阜阳市中级人民法院,法官助理,本科,法学类,4,49
060202,阜阳,阜阳市中级人民法院,司法警察,本科,不限,2,86
060203,阜阳,颍泉区人民法院,司法行政人员,本科,中国语言文学类,1,32
060204,阜阳,颍泉区人民法院,法官助理,本科,法学类,4,26
060205,阜阳,颍东区人民法院,法官助理1,本科,法学类,2,12
060206,阜阳,颍东区人民法院,法官助理2,本科,法学类,1,5
060207,阜阳,界首市人民法院,法官助理,本科,法学类,2,8
060208,阜阳,太和县人民法院,司法行政人员,本科,计算机类,1,37
060209,阜阳,太和县人民法院,司法行政人员,本科,新闻传播学类,1,37
060210,阜阳,太和县人民法院,司法行政人员,本科,中国语言文学类,2,45
060211,阜阳,太和县人民法院,司法警察,本科,不限,1,31
060212,阜阳,太和县人民法院,司法警察,本科,不限,1,7
060213,阜阳,太和县人民法院,司法警察,本科,不限,1,28
060214,阜阳,太和县人民法院,法官助理,本科,法学类,1,1
060215,阜阳,临泉县人民法院,法官助理,本科,法学类,1,3
060216,阜阳,临泉县人民法院,法官助理,本科,法学类,1,2
060217,阜阳,阜南县人民法院,法官助理1,本科,法学类,3,9
060218,阜阳,阜南县人民法院,法官助理2,本科,法学类,2,3
060219,阜阳,阜南县人民法院,司法行政人员,本科,不限,1,8
060220,阜阳,颍上县人民法院,法官助理,本科,法学类,4,11
060221,阜阳,颍上县人民法院,法官助理,本科,法学类,2,1
060222,阜阳,颍上县人民法院,司法行政人员,本科,不限,1,11
060223,阜阳,阜阳市公安局,人民警察,本科,不限,5,160
060224,阜阳,阜阳市公安局,人民警察,本科,不限,3,87
060225,阜阳,阜阳市公安局,人民警察,本科,法学类（不含特设专业）,3,25
060226,阜阳,阜阳市公安局,网络安全管理★,本科,软件工程专业、网络工程专业、信息安全专业,3,43
060227,阜阳,阜阳市公安局,人民警察,本科,财务管理专业、会计学专业、审计学专业,3,48
060228,阜阳,阜阳市公安局,人民警察,本科,马克思主义理论类、新闻学专业、汉语言文学专业、影视摄影与制作专业、网络与新媒体专业,3,47
060229,阜阳,阜南县公安局,人民警察,专科,研究生专业：公安学、公安技术一级学科下的各研究方向；本科专业：侦查学、治安学、交通管理工程、刑事科学技术、网络安全与执法、警务指挥与战术；专科专业：刑事侦查、治安管理、交通管理、刑事科学技术、信息网络安全监察、警察指挥与战术、特警,6,34
060230,阜阳,阜南县公安局,人民警察,本科,不限,3,74
060231,阜阳,阜南县公安局,人民警察,本科,不限,1,8
060232,阜阳,太和县公安局,网络安全管理★,本科,软件工程专业、网络空间安全专业、计算机科学与技术专业,2,23
060233,阜阳,太和县公安局,网络安全管理★,本科,计算机类（不含特设专业）,1,12
060234,阜阳,太和县公安局,人民警察,本科,法学类（不含特设专业）,1,4
060235,阜阳,太和县公安局,人民警察,本科,不限,1,6
060236,阜阳,临泉县公安局,人民警察,本科,新闻学专业、编辑出版学专业、网络与新媒体专业、影视摄影与制作专业、戏剧影视文学专业,1,7
060237,阜阳,临泉县公安局,人民警察,本科,汉语言文学专业、汉语言专业、秘书学专业,1,5
060238,阜阳,临泉县公安局,人民警察,本科,法学类（不含特设专业）,1,4
060239,阜阳,临泉县公安局,人民警察,本科,临床医学专业、生物工程专业、基础医学专业、医学检验技术专业、法医学专业,1,5
060240,阜阳,临泉县公安局,人民警察,本科,财务管理专业、会计学专业、审计学专业,1,8
060241,阜阳,临泉县公安局,网络安全管理★,本科,软件工程专业、网络工程专业、信息安全专业,1,10
060242,阜阳,临泉县公安局,人民警察,本科,不限,1,5
060243,阜阳,临泉县公安局,特警,本科,体育教育专业、运动训练专业、武术与民族传统体育专业,1,11
060244,阜阳,颍上县公安局,网络安全管理★,本科,软件工程专业、网络工程专业、计算机科学与技术专业,1,9
060245,阜阳,颍上县公安局,人民警察,本科,法学类（不含特设专业）,3,10
060246,阜阳,颍上县公安局,人民警察,本科,不限,1,8
060247,阜阳,颍上县公安局,特警,本科,体育教育专业、运动训练专业、武术与民族传统体育专业,1,11
020001,淮北,中共淮北市委办公室,综合文字,本科,不限,2,96
020002,淮北,淮北市人大常委会办公室,综合文字,本科,不限,1,132
020003,淮北,淮北市人大常委会办公室,综合文字,本科,不限,1,11
020004,淮北,淮北市纪委监委派驻（出）机构,监督执纪执法,本科,不限,4,197
020005,淮北,淮北市纪委监委派驻（出）机构,监督执纪执法,本科,不限,1,10
020006,淮北,中共淮北市委党校,机关综合,本科,法学门类、中国语言文学类、工商管理类、公共管理类、新闻学专业,1,84
020007,淮北,淮北市发展改革委（市粮食和储备局、市能源局）,机关综合,本科,经济学门类、法学门类、工学门类、管理学门类、中国语言文学类,3,288
020008,淮北,淮北市教育局,教育管理,本科,中国语言文学类、公共管理类、法学类,1,60
020009,淮北,淮北市科技局,机关综合,本科,不限,1,105
020010,淮北,淮北市公安局,人民警察,本科,不限,1,7
020011,淮北,淮北市公安局,人民警察,专科,公安管理类、公安技术类、侦查类,1,14
020012,淮北,淮北市公安局,人民警察,本科,计算机类、电子信息工程专业、信息工程专业、大数据管理与应用专业,2,41
020013,淮北,淮北市公安局,网络安全与执法★,研究生,电子科学与技术（一级学科）、计算机科学与技术（一级学科）、软件工程（一级学科）、网络空间安全（一级学科）、控制科学与工程（一级学科）、信息与通信工程（一级学科）、电子与通信工程硕士（专业硕士）,2,18
020014,淮北,淮北市公安局,人民警察,本科,交通管理工程专业、交通工程专业、交通管理专业、交通设备与控制工程专业,1,7
020015,淮北,淮北市财政局（国资委）,财政国资管理,本科,财政学类、统计学类、金融学类、经济学类、会计学专业、财务管理专业、资产评估专业,2,152
020016,淮北,淮北市财政局（国资委）市国库支付中心,财政管理,本科,不限,1,10
020017,淮北,淮北市财政局（国资委）市国库支付中心,财政管理,本科,财政学类、统计学类、金融学类、经济学类，会计学专业、财务管理专业、资产评估专业,1,70
020018,淮北,淮北市自然资源和规划局,自然资源管理,本科,土地资源管理专业、建筑学专业、城乡规划专业,1,29
020019,淮北,淮北市生态环境局,环境监管,本科,中国语言文学类、环境科学与工程类、法学类,2,60
020020,淮北,淮北市农业农村局,农业管理,本科,农学门类、农业经济管理类、农业工程类,2,82
020021,淮北,淮北市文旅体局,综合文字,本科,不限,1,148
020022,淮北,淮北市文旅体局,综合文字,本科,不限,1,15
020023,淮北,淮北市卫生健康委员会,卫生健康管理,本科,临床医学类、公共卫生与预防医学类、法学类,1,40
020024,淮北,淮北市卫生健康委员会市计划生育协会,机关综合,本科,中国语言文学类,1,27
020025,淮北,淮北市应急管理局,安全生产监督管理,本科,工学门类,1,117
020026,淮北,淮北市审计局,农业审计,本科,地理信息科学专业、地理国情监测专业、地理空间信息工程专业,1,29
020027,淮北,淮北市审计局,财务审计,本科,财政学类、会计学专业、审计学专业、财务管理专业,1,69
020028,淮北,淮北市审计局,投资审计,本科,工程管理专业、工程造价专业、工程审计专业,1,37
020029,淮北,淮北市市场监督管理局,行政执法监督,本科,法学类,1,6
020030,淮北,淮北市市场监督管理局,市场监管执法,本科,不限,1,6
020031,淮北,淮北市市场监督管理局,综合文字,本科,中国语言文学类,1,16
020032,淮北,淮北市公共资源交易监督管理局,机关综合,本科,法学类、中国语言文学类、工程管理专业,1,30
020033,淮北,淮北市投资促进中心,招商引资,本科,不限,2,125
020034,淮北,淮北市供销社,机关综合,本科,马克思主义理论类、哲学专业、汉语言文学专业、秘书学专业、新闻学专业、网络与新媒体专业、历史学专业,1,27
020035,淮北,濉溪县纪委监委,监督执纪执法,本科,法学类、公安学类,1,11
020036,淮北,濉溪县纪委监委,综合财务,本科,财务管理专业、审计学专业、会计学专业,1,27
020037,淮北,濉溪县纪委监委,综合文字,本科,中国语言文学类（不含特设专业）、新闻学专业,1,12
020038,淮北,濉溪县人民政府办公室（外事办）,机关文秘,本科,不限,2,168
020039,淮北,濉溪县发改委,机关综合,本科,经济学类、中国语言文学类、新闻传播学类、管理科学与工程类,1,37
020040,淮北,濉溪县发改委,机关综合,本科,不限,1,8
020041,淮北,濉溪县公安局,人民警察,本科,不限,1,8
020042,淮北,濉溪县公安局,人民警察,本科,会计学专业、审计学专业、财务管理专业、经济犯罪侦查专业,1,11
